1,小龙坎老火锅（大悦城店）,10:00-22:00,021-65878577,上海市静安区西藏北路166号内（801-08）号商铺
2,小龙坎老火锅（淮海路店）,11:00-次日03:00,021-63777577,上海黄浦区淮海中路一号美食不夜城二楼
3,小龙坎老火锅（大宁店）,11:00-次日02:00,021-66615665,上海市静安区万荣路777弄7号402室（大宁中心广场一期-大宁音乐广场E座402单元）
4,小龙坎老火锅（玫瑰坊店）,24小时营业,021-62757577,上海市长宁路890号“玫瑰坊”商场店铺1层F27室2层F58室
5,小龙坎老火锅（船厂路店）,10:00-22:00,021-61711717,上海徐汇区船厂路28号正大乐城
6,小龙坎老火锅（百联南方购物中心店）,10:00-22:00,021-54287778,上海市闵行区沪闵路7388号百联南方购物中心
7,小龙坎老火锅（宝山正大乐城店）,10:30-22:00,021-56575677,上海市宝山区陆翔路111号正大乐城2F-008
8,小龙坎老火锅（新川路店）,10:00-次日02:00,021-58457771,上海市浦东新区新川路755号
9,小龙坎老火锅（人民东路店）,10:00-23:00,021-20965777,上海市浦东新区惠南镇人民东路2635弄142号二楼及三楼商铺
10,小龙坎老火锅(中茵世贸广场店),10:30-次日03:00,0512-57222727,江苏省苏州市昆山市前进西路296号中茵世贸广场B004室
11,小龙坎老火锅（江海中路店）,10:00-次日02:00,0513-83350777,江苏省南通市启东市江海中路600号
12,小龙坎老火锅（圆融店）,09:30-21:30,0512-66611319,江苏省苏州市工业园区万盛街8号圆融大厦4层4150+4160号
13,小龙坎老火锅（苏州中心店）,09:30-00:00,0512-62901319,江苏省苏州市工业园区苏州中心B区401号
14,小龙坎老火锅(步行街店),,,江苏省南通市海门市海门街道商业步行街海港城9幢105铺
15,小龙坎老火锅（印象城店）,10:00-22:00,0512-65991319,江苏省苏州市工业园区印象城购物中心3层01a
16,小龙坎老火锅（大成坊店）,10:30-00:00,0512-66191319,江苏省苏州市姑苏区大成新天地皮市街9-69号南侧二楼商铺
17,小龙坎老火锅（方塔东街店）,09:30-次日02:00,0512-65431319,江苏苏州市常熟市方塔东街5号楼二层
18,小龙坎老火锅（天虹店）,10:30-22:00,0512-66591319,江苏省苏州市姑苏区广济南路219号“天虹CC.MALL”6层602号
19,小龙坎老火锅(观前街富仁坊店),09:30-次日05:00,0512-62522288,江苏省苏州市富仁坊68号
20,小龙坎老火锅（世纪广场店）,10:00-次日02:00,0573-83189797,浙江省嘉兴市南湖区世纪广场1层
21,小龙坎老火锅（星湖街区店）,10:30-00:00,0513-55880872,江苏省南通市经济技术开发区星湖街区项目的10号一层两侧
22,小龙坎老火锅（建设路店）,10:00-00:00,0513-83566777,江苏省南通市通州区金沙镇建设路7号底楼
23,小龙坎老火锅（中诚大厦店）,,,江苏省南通市崇川区城山路28号中城大厦
24,小龙坎老火锅（港闸万达店）,10:30-次日02:00,0513-82228862,江苏省南通市港闸区万达广场内购物中心室内步行街叁层3025-3026
25,小龙坎老火锅（杨舍老街店）,10:30-次日02:00,0512-58611319,江苏省苏州市张家港市杨舍老街商业步行街区1幢1层1.2.3.5.6.10.11号2层1号
26,小龙坎老火锅（永乐路店）,10:30-次日05:00,0510-88811319,江苏省无锡市梁溪区南长街永乐路1号
27,小龙坎老火锅（万象城店）,10:30-21:30,0510-88821319,江苏省无锡市滨湖区金石路88号万象城L4-6-1号商铺
28,小龙坎老火锅（湖滨商业街店）,10:30-次日03:00,0510-88881319,江苏省无锡市湖滨路旅游休闲商业街湖滨街11-5/11-6楼上、11-10楼上
29,小龙坎老火锅（慈溪店）,10：30-次日02：00,0574-63811377,浙江省宁波市慈溪区慈甬路1号
30,小龙坎老火锅（三元坊店）,10:30-次日02:00,0510-86661319,江苏省无锡市江阴市人民中路88号南门面临步行街
31,小龙坎老火锅（爱山广场店）,10:00-次日02:00,0572-2055877,浙江省湖州市吴兴区爱山广场23号楼
32,小龙坎老火锅（盛世广场店）,9.00-次日02.00,0523-862621111,江苏省泰州市靖江市工农路盛世广场3-3，3-4
33,小龙坎老火锅（长兴店）,10:00-次日02:00,0572-6606333,浙江省湖州市长兴区长兴轻纺城C-1幢
34,小龙坎老火锅（海滨新天地店）,11：00-次日02：00,0580-2996188,浙江省舟山市定海区蓝郡国际花园A幢111-114/130-136
35,小龙坎老火锅（下沙龙湖店）,10:00-次日02:00,0571-88285566,浙江省杭州市江干区金沙大道龙湖时代金沙天街B1-029，B1-030
36,小龙坎老火锅（1844店）,10:00-00:00,0574-87331557,浙江省宁波市和义路102弄1号1844.和义艺术生活中心F3-05
37,小龙坎老火锅（丽泽华庭店）,11:00-次日03:00,15152449458,江苏省南通市如皋县丽泽华庭西大门202#1区
38,小龙坎老火锅（八佰伴店）,10:30-次日03:00,0510-87661319,江苏省无锡市宜兴市君悦.天禧广场1幢101号、102号、103号
39,小龙坎老火锅（早科坊店）,10:30-次日02:00,0519-88831319,江苏省常州市钟楼区早科坊13号
40,小龙坎老火锅（世茂广场店）,10:00-次日03:00,0575-88611557,浙江省绍兴市越城区世茂广场第一层1-A-13，二层2-A-07号商铺
41,小龙坎老火锅（龙湖天街店）,11:00-22:00,0519-88851319,江苏省常州市钟楼区龙湖.龙城天街4F-31/32号房屋
42,小龙坎老火锅（杭州大厦店）,10:00-22:00,0571-87697227,浙江省杭州市江干区杭州大厦501
43,小龙坎老火锅（远洋乐堤店）,10:00-次日02:00,0571-86807871,浙江省杭州市拱墅区丽水路远洋乐堤港C220号商铺
44,小龙坎老火锅（萧山万象汇店）,10:00-21:30,0571-82395871,浙江省杭州市萧山区北干街金城路927号杭州万象汇第L4层第435号商铺
45,小龙坎老火锅（湖滨银泰in77店）,10:00-次日02:00,0571-85222676,浙江省杭州市上城区延安路255号2弄101—102室
46,小龙坎老火锅（龙湖天街店）,10:00-22:00,0571-86830097,浙江省杭州市滨江区江汉路龙湖天街6层39号商铺
47,小龙坎老火锅（新宁路店）,09:00-次日02:00,0513-81819777,江苏省南通市海安县开发区黄海大道中路6号
48,小龙坎老火锅（滨江宝龙店）,10:00-次日01:00,0571-86782257,浙江省杭州市滨江区滨盛路3867号杭州滨江宝龙广场/宝龙城一区（期）1号楼第五层M-F5-003
49,小龙坎老火锅（佳源店）,10.00-次日02.00,0523-87490777,江苏省泰州市泰兴市大庆东路9号新天地佳源广场8号楼129-131,222-228号商铺
50,小龙坎老火锅（北大街店）,9.30-次日02.00,0523-88789777,江苏省泰州市姜堰区北大街文化街区A1栋101-2、122、118、117号
51,小龙坎老火锅(田园路店),11:00-次日02:00,0511-88367979,江苏省镇江市扬中市三茅街道田园路18号，20号，22号门面房
52,小龙坎老火锅(万象城店),10.00-22.00,0523-86816006,江苏省泰州市海陵区永定东路399号泰州万象城一期生活馆2层L222-223号
53,小龙坎老火锅（威尼达购物城店）,,,安徽省宣城市广德县威尼达购物城1F层1F16区
54,小龙坎老火锅（税东街店）,11.00-次日02.00,0523-80596777,江苏省泰州市海陵区税务桥东街9号113-114室
55,小龙坎老火锅（德润店）,10.00--22.30,0515-85396669,江苏省盐城市东台市德润广场六楼608
56,小龙坎老火锅(中山东路店),11:00-次日02:00,0511-85016621,江苏省镇江市京口区中山东路150号第二层楼面
57,小龙坎老火锅（万达店）,11:00-次日02:00,0511-85270877,江苏镇江市润州区华都名城荣锦苑60幢第一层101
58,小龙坎老火锅（文昌东路店）,9.30-次日02.00,0514-86626677,江苏省扬州市江都区文昌东路新加坡花园沿街
59,小龙坎老火锅（运河西路店）,9.30-次日02.00,0514-82896177,江苏省扬州市广陵区运河西路185号东城国际大厦二层和首层
60,小龙坎老火锅（东辰店）,11:00-次日02:00,0511-87234563,江苏省镇江市句容市华阳镇人民路东辰大厦06（1层）02（2层）号
61,小龙坎老火锅（五彩世界店）,10.00-22.00,0514-82176077,江苏省扬州市邗江区京华城路五彩世界生活广场F5-028商铺
62,小龙坎老火锅（五里东路店）,9.30-21.30,0523-83555557,江苏省泰州市兴化市五里东路10号喜来居大酒店一楼南侧，二楼
63,小龙坎老火锅（西津店）,10:30-次日02:00,0563-4151789,安徽省宣城市宁国市宁国花园初阳苑3幢1号
64,小龙坎老火锅（黉门商厦店）,11：00-次日02：00,0579-89322224,浙江省金华市东阳市黉门一号楼25-1，23-6
65,小龙坎老火锅（稠州店）,10：00-次日02：00,0579-85917998,浙江省金华市义乌市稠州中路187号
66,小龙坎老火锅（世贸广场店）,9.30-22.00,0514-84727177,江苏省扬州市高邮市波司登世贸广场1、2、4区110-112号商铺
67,小龙坎老火锅（康庄南街店）,10：30-次日02：00,0579-86711177,浙江省金华市东阳市横店镇康庄南街190号
68,小龙坎老火锅（城东店）,,,安徽省宣城市宣州区城东新村综合楼21号商铺
69,小龙坎老火锅（马群店）,11:00-次日02:00,025-85700585,江苏省南京市栖霞区马群新街20-22号
70,小龙坎老火锅（仙林大学城店）,11:00-次日02:00,025-57724177,江苏省南京市栖霞区仙林大学城文苑路8号文苑广场负一层东城花街之B-11.12.13号商铺
71,小龙坎老火锅（仙林万达店）,11:00-次日02:00,025-86897577,江苏省南京市栖霞区万达茂商业中心26栋5.6.7室
72,小龙坎老火锅（万达店）,9:30-22:00,0563-2025577,安徽省宣城市万达广场室内步行街4层4057/4058号商铺
73,小龙坎老火锅（新亭西路店）,11:00-次日02:00,025-52713897,江苏省南京市江宁区新亭西路骆村新寓门面房15-1号一层
74,小龙坎老火锅（宝龙店）,11:00-次日02:00,0515-88818177,江苏省盐城市亭湖区宝龙城市广场东进路商业楼1007/1082-1084/1086/1087号商铺
75,小龙坎老火锅（崇和路店）,11:00-次日02:00,0576-85123829,浙江省台州市临海市崇和路3-11号一层商铺，3-8—3-11号二层商铺
76,小龙坎老火锅（玄武店） ,11:00-次日02:00,025-84451212,江苏省南京市玄武区1912商圈
77,小龙坎老火锅（升州路店）,,,江苏省南京市秦淮区升州路1号1楼
78,小龙坎老火锅（盐城店） ,,,江苏省盐城市亭湖区黄海路文泽府邸22号   
79,小龙坎老火锅(河西金鹰商城店),11:00-次日02:00,025-86678558,江苏省南京市建邺区金鹰商场所街2号8楼F821-2
80,小龙坎老火锅(湖南路狮子桥店),11:00-次日03:00,025-66171788,江苏省南京市鼓楼区云南北路28号14号楼部分一层
81,小龙坎老火锅（仙居店）,09:00-次日01:00,0576-89323456,浙江省台州市仙居区城关福应街道东门村
82,小龙坎老火锅（悦达广场店）,（筹备中）,,安徽省芜湖市芜湖县悦达广场商业综合楼3#楼二层一楼
83,小龙坎老火锅（朝天街店）,11:00-次日02:00,025-57182777,江苏省南京市六合区雄州街道双客路97号欢乐广场04幢2层，89-1至89-8号
84,小龙坎老火锅（长冲街店）,10:30-22:30,17611291165,江苏省南京市大厂区88号大厂苏宁易购广场第1层第A12/A13号商铺
85,小龙坎老火锅（天发广场店）,11:00-23:30,0550-2508777,安徽省天长市天发广场锦春园二楼
86,小龙坎老火锅（鑫隆广场店）,10:00-次日02:00,0555-5219797,安徽省马鞍山市金色新天地永辉超市主入口
87,小龙坎老火锅（华飞店）,10:00-次日02:00,0555-5211717,安徽省马鞍山市华飞路199号1—3层
88,小龙坎老火锅（椒江耀达路店）,10:00-次日02:00,13968657506,浙江省台州市椒江区亿嘉路51、53号一楼及二楼2136、2138-2140号
89,小龙坎老火锅（帕菲克店）,10:00-次日01:00,0576-86921999,浙江省台州市黄岩区二环西路590帕菲克酒店二楼
90,小龙坎老火锅（盛世豪庭店）,9.00-22.00,0515-86300777,江苏省盐城市建湖县汇文西路华丰盛世豪庭201-206
91,小龙坎老火锅（路桥店）,09:30-次日02:00,0576-82817777,浙江省台州市路桥区银座北街
92,小龙坎老火锅（中山北路店）,11:00-21:30,0553-5205277,安徽省芜湖市镜湖区中山北路凤凰美食街入口
93,小龙坎老火锅（一百店）,11：00-次日02：00,18966026825,浙江省金华市婺城区文化路22号001号商铺（第一百货B馆一楼）
94,小龙坎老火锅（金域蓝湾天街店）,（筹备中）,,安徽省芜湖市弋江区伟星金域蓝湾S-02#商业A区二层
95,小龙坎老火锅（荷花塘店）,09:30-00:00,0563-5510777,安徽省宣城市泾县荷花塘城市文化广场北区6#楼1-7#
96,小龙坎老火锅(安宜东路店),9.30-次日02.00,0514-88801777,江苏省扬州市宝应县安宜东路鑫亿商城广场3-3123号房
97,小龙坎老火锅（雄风店）,09:00-23:00,0553-6061777,安徽省芜湖市南陵县籍山镇雄风中央花园B1幢102-107室、202-207室、301室
98,小龙坎老火锅（金湖路店）,,,江苏省淮安市金湖县金湖西路118号盛世豪庭天立广场118-63、118-65、118-66、118-68、118-69、118-70、118-82、118-83、118-85商业裙楼
99,小龙坎老火锅（温岭店）,11:00-次日02:00,0576-86905588,浙江省台州市温岭市城东街道万昌中路1257号202商铺
100,小龙坎老火锅（全椒店）,11:00-21:30,0550-5011888,安徽省滁州市全椒县儒林西苑18栋108号
101,小龙坎老火锅（镇东店）,9：30-次日02：00,13666571894,浙江省丽水市缙云县镇东菜市场二楼原盛武肥牛
102,小龙坎老火锅（来安店）   ,10:00-22:00,0550-5632799,安徽省滁州市来安县建阳南路与清流西路交叉口
103,小龙坎老火锅（滁州店）,11:00-21:30,0550-3325777,安徽省滁州市中都大道银花新村147号
104,小龙坎老火锅（南湖店）  ,11:00-21:30,0550-3089777,安徽省滁州市琅琊区南湖南谯北路559号
105,小龙坎老火锅（楚州万达店）,11：00-次日02：00,0517-83829777,江苏省淮安市淮安区御景城21号楼商铺
106,小龙坎老火锅（育红路店）,（筹备中）,,浙江省温州市乐清市虹桥镇育红路280号
107,小龙坎老火锅（安德利广场店）,11:00-21:30,0553-6157777,安徽省芜湖市无为县凤河与同心路交口无为安德利广场5#-F1-02
108,小龙坎老火锅（兴府路店）,11：00-21：30,0517-88210099,江苏省淮安市盱眙县兴府路西夜市明珠斜对面五墩社区停车场房屋二层及楼下三间
109,小龙坎老火锅（天宁店）,9：30-次日02：00,0578-2138877,浙江省丽水市莲都区宇雷北路142号二层
110,小龙坎老火锅(新黄山商业街店),11:00-00:00,0559-2325808,安徽省黄山市屯溪区新黄山商业街C区1幢2号，C区1-4号，C区1幢3号
111,小龙坎老火锅(巢湖步行街店),11:00-次日02:00,0551-82367977,安徽省合肥市巢湖市信泰人民路商业步行街人民路3号一楼28-18、28-19、28-20号商铺
112,小龙坎老火锅（东湖店）,,,江苏省淮安市经济开发区深圳路9号
113,小龙坎老火锅（玉城店）,09:00-次日02:00,0576-87351777,浙江省台州市玉城街道上段村上段大厦
114,小龙坎老火锅（健康路店）,11：00-次日02：00,0517-89366767,江苏省淮安市健康东路中鑫.上城A区131号133号
115,小龙坎老火锅（北京中路店）,09:30-21:30,0562-2661777,安徽省铜陵市铜官区北京中路486号
116,小龙坎老火锅（润天.百悦广场店）,11：00-次日01：00,0517-82585777,江苏省淮安市涟水县“百悦温泉会馆”1层东侧
117,小龙坎老火锅(清远路店),10:30-05:00,0577-61665757,浙江省温州市乐清市乐成街道清远路163号群楼二层
118,小龙坎老火锅（水亭门店）,10：00-次日02：00,0570-8885655,浙江省衢州市柯城区县西街130-15号、130-16号，县西街168号一层部分商铺共3间
119,小龙坎老火锅（柳市店）,,,浙江省温州市乐清市柳市镇惠丰路147号
120,小龙坎老火锅（翔来店）,10:30-次日04:00,0577-61617676,浙江省温州市乐清市柳市镇翔来路118号二楼
121,小龙坎老火锅（圣旨街店）,,,浙江省丽水市青田县鹤城街道圣旨街18号店面一间和二楼店铺
122,小龙坎老火锅（茗月店）,10：00-次日02：00,19857815777,浙江省丽水市遂昌县妙高街道古院G（2014）29号地铁财富大厦（维也纳国际酒店）一楼电梯南侧区域
123,小龙坎老火锅（明光店）  ,9:30-21:30,0550-8106677,安徽省滁州市明光市明珠路100号盛唐现代城
124,小龙坎老火锅（万象城店）,10:00-次日02:00,0577-88112520,浙江省温州市瓯海区南白象街道温瑞大道999号温州万象城商业街层S140.S142-144.S179-182号商铺
125,小龙坎老火锅（冠城商厦店）,09:00-21:00,0550-4656888,安徽省滁州市定远县曲阳大街165号冠城商厦101室
126,小龙坎老火锅（同辉广场店）,10:30-次日01:00,0566-2024777,安徽省池州市贵池区长江中路同辉广场新西街三楼
127,小龙坎老火锅（吾悦广场店）,,,安徽省合肥市肥东县新城吾悦广场吾福印巷S6120、101铺
128,小龙坎老火锅（瑞安店）  ,09:00-次日02:00,0577-66888520,浙江省温州市瑞安市安阳路2-1-9号
129,小龙坎老火锅（花园口国际广场店）,11：00-21：30,0527-89897799,江苏省宿迁市泗洪县泗州中大街13号4F4-420号商铺
130,小龙坎老火锅（中心城店）,10:00-23:30,0551-87088977,安徽省合肥市庐江县庐江中心城29号楼一楼102、二楼101-107、109
131,小龙坎老火锅（宝业广场店）,,,安徽省合肥市瑶海区宝业·东城时代广场三层C区334-339号、387号
132,小龙坎老火锅（金榜华府店）,9.00-22.00,0518-85657777,江苏省连云港市灌云县云山中路西侧金榜华府17幢102、103商铺
133,小龙坎老火锅（淮河路步行街店）,11:00-次日01:00,0551-65550829,安徽省合肥市庐阳区淮河路步行街新天地广场C座
134,小龙坎老火锅（宁国路店）,10:30-次日04:00,0551-63665818,安徽省合肥市包河区宁国路与九华山路交口大宁缤购商业广场10#楼2层
135,小龙坎老火锅（老报馆店）,10:00-次日02:00,0551-65605520,安徽省合肥市庐阳区金寨路206号老报馆.新月光休闲文化广场1号楼D区二层东侧
136,小龙坎老火锅（国购店）,11:00-22:00,0551-63480880,安徽省合肥市蜀山区长江西路199号园购物广场商3-009号商铺
137,小龙坎老火锅（中央商场店）,,,江苏省宿迁市沭阳县人民中路48号中央商场，铺位号6B04
138,小龙坎老火锅（中环城店）,10:00-22:00,0551-65561668,安徽省合肥市经济开发区繁华大道南、翡翠路西中环城购物中心二期三层2号
139,小龙坎老火锅（北城世纪金源店）,,,安徽省合肥市长丰县北城世纪金源购物中心B4-019/020/021
140,小龙坎老火锅（上派镇店）,09:30-次日02:00,0551-68667177,安徽省合肥市肥西区上派镇人民东路龙飞明珠花园
141,小龙坎老火锅（龙港大厦店）,11:00-次日03:00,0577-64354555,浙江省温州市苍南县龙港镇龙港大厦二楼商铺
142,小龙坎老火锅（宝龙广场店）,11：00-21：30,0527-83687777,江苏省宿迁市西湖路6号宿迁宝龙广场（宝龙城MALL区1期）29号楼4层f4006号商铺
143,小龙坎老火锅（吾悦广场店）,10:30-次日02:00,0556-5208987,安徽省安庆市龙眠山路吾悦广场一期1003、1005、2003、2005、2006、2007号
144,小龙坎老火锅（连云港店）,9.00-次日01.00,0518-81817888,江苏省连云港市海州区通灌南路56号
145,小龙坎老火锅（万达广场店）,11:00-23:00,0552-3351666,安徽省蚌埠市蚌山区万达珍珠坊（原绿茶餐厅）
146,小龙坎老火锅（人民路店）,10:00-次日02:00,0556-8880017,安徽省安庆市人民路481号一至二楼
147,小龙坎老火锅（安庆店）  ,10:00-00：00,0556-5709188,安徽省安庆市大观区八佰伴商场
148,小龙坎老火锅（睢宁店）  ,11：00-00：00,0516-88138666,江苏省徐州市睢宁县青年路城东派出所东200米路南徐沙河16号
149,小龙坎老火锅（和平路店）,9.30-次日01.00,0518-87888777,江苏省连云港东海县牛山镇和平东路29号东盛晶城大院15-105商铺
150,小龙坎老火锅（丰溪唐韵店）,,,江西省上饶市广丰区永丰街道西关街丰溪唐韵7-1-1/7-2-1—7-2-3/7-2-5—7-2-11
151,小龙坎老火锅（黄梅路店）,（筹备中）,,安徽省安庆市怀宁县黄梅路39号一层门面
152,小龙坎老火锅（国庆中路店）,11:00-次日02:00,0554-2672009,安徽省淮南市田家庵区国庆中路86号
153,小龙坎老火锅（吾悦广场店）,（筹备中）,,江苏省连云港市赣榆区吾悦广场第四层4056-2/4057
154,小龙坎老火锅（恒基广场店）,10:00-次日03:30,0793-8152277,江西省上饶市信州区凤凰东大道168号“恒基城市广场”1-1-1部分、1-2-1-1-2-5、1-2-33-1-2-37、1-1-36、1-1-37号商铺
155,小龙坎老火锅(风景路店),9:30-00:00,0798-8299099,江西省景德镇市风景路111号景富华城4栋2号202室及3号对面
156,小龙坎老火锅（景润中央城商业街店）,11:00-21:30,0554-4677779,安徽省淮南市寿县景润中央广场A7栋121-122-213-214-215室
157,小龙坎老火锅（阳光城店）,11:00-21:30,0556-3775353,安徽省安庆市潜山县潜阳路0299号1幢1-2层0299-1#，2#，3#号商铺
158,小龙坎老火锅（东方御景店）,10:00-00:00,0539-6528777,山东省临沂市郯城县东方御景商铺1851（01,02,03）
159,小龙坎老火锅（珠江路店）,,,江苏省徐州市邳州市珠江东路1号中央花园综合楼2-3楼
160,小龙坎老火锅（新世界店）,09:00-21:00,0564-3216117,安徽省六安市金安区皖西大道中环新世界4楼
161,小龙坎老火锅（龙庭店）,9:30-23:30,0793-5328777,江西省上饶市铅山县龙门大道信江龙庭B区B栋楼7号商铺第一层
162,小龙坎老火锅（两淮新城店）,10:00-00:00,0557-3632555,安徽省宿州市通桥区北关两淮新城C区1号楼0204室
163,小龙坎老火锅（锦绣前程店）,11:00-21:30,0633-2188818,山东省日照市东港区临沂路锦绣前程一号沿街
164,小龙坎老火锅（桥南名郡店）,10:30-次日02：00,0593-5799777,福建省宁德市周宁县狮城镇桥南街41号名郡财富广场第三层部分室内商铺
165,小龙坎老火锅（光明大道店）,11:00-次日02:00,0564-6665888,安徽省六安市霍邱县光明大道165商铺
166,小龙坎老火锅（临沂店）,11:00-23:00,0539-6811111,山东省临沂市锦园大厦测
167,小龙坎老火锅(新华路店),11:00-23:00,0539-8219678,山东省临沂市兰山区新华路八号
168,小龙坎老火锅（北城百联华府店）,11:00-23:00,0539-7977788,山东省临沂市北城新区百联华府3#一层101、二层201/210
169,小龙坎老火锅（管仲老街店）,11:00-23:00,0558-4712229,安徽省阜阳市颍上县管仲老街一期二栋段2-12
170,小龙坎老火锅（桃花岛店）,11：00-22：00,0516-87718998,江苏省徐州市贾汪区将军大街以东同旺家园商业1号楼1-108
171,小龙坎老火锅（世贸店）,11：00-次日02：00,0516-83566717,江苏省徐州市云龙区世贸广场5号楼102-103室
172,小龙坎老火锅（矿大店）,11：00-次日02：00,0516-85868777,江苏省徐州市解放南路延长段28号瑞龙广场卜蜂莲花一楼南2号
173,小龙坎老火锅（城北国际公馆店）,（筹备中）,,江西省上饶市鄱阳县鄱阳湖大道城北国际公馆2楼2号一层
174,小龙坎老火锅（金鹰彭城广场店）,（筹备中）,,江苏省徐州市鼓楼区金鹰彭城广场店B座第8层F8005
175,小龙坎老火锅（君盛广场店）,11：00-次日02：00,0516-85850505,江苏省徐州市鼓楼区中山北路300号1F-01/2F-09-1
176,小龙坎老火锅（金鹰人民广场店）,11：00-次日02：00,0516-85696789,江苏省徐州市泉山区金鹰人民广场1层1130-A01-00052号商铺
177,小龙坎老火锅（嘉鸿店）,10:00-22:00,0557-5506969,安徽省宿州市萧县淮海路与龙湖路交汇处嘉鸿花园《嘉鸿财富广场》商业街14号楼2层201号
178,小龙坎老火锅（家佳源商场店）,10:00-00:00,0532-66072222,山东省青岛市黄岛区长江中路家佳源商场2楼
179,小龙坎老火锅（城阳路店）,11:00-22:00,0633-6177266,山东省日照市莒县城阳路与北坛路交汇处王店子沿街楼
180,小龙坎老火锅（振兴中路店）,10:30-21:30,0632-4497777,山东省枣庄市市中区振兴中路55号
181,小龙坎老火锅（香港中路店）,11:00-00:00,0532-88078888；0532-66760606,山东省青岛市市南区香港东路43号
182,小龙坎老火锅（万达店）,10:00-22:00,0532-80918666,山东省青岛市市北区延吉路116号CBD万达广场4F06,4F07商铺
183,小龙坎老火锅（丽达店）,10:00-00:00,0532-87678888,山东省青岛市崂山区秦岭路18号
184,小龙坎老火锅(北城杏坛店),11：00-22:30,0539-8171166,山东省临沂市北城新区沂蒙北路与天津路交汇杏坛家园E号楼105号
185,小龙坎老火锅（君悦店）,,,山东省临沂市沂南县兴良·蘑菇街C1幢一、二层127-130、133
186,小龙坎老火锅（快乐城店）,11:00-次日01:30,0792-8275977,江西省九江市开发区长江大道中段新贵府邸A1A2-106
187,小龙坎老火锅（美笛龙店）,11:00-00:00,0632-6066660,山东省枣庄市薛城区永心美笛龙家居建材国际广场北门西首
188,小龙坎老火锅（陈元光店）,11:00-次日02:00,0376-6775777,河南省信阳市固始县蓼北路与红苏路交叉口二楼
189,小龙坎老火锅(阜阳宝龙店),11:00-次日02:00,0558-2582777,安徽省阜阳市颍州区宝龙商铺4#1F00-2，4#1F008，1F009
190,小龙坎老火锅（财富广场店）,09:30-21:30,0558-2361116,安徽省阜阳市颍泉区人民东路香港财富广场五层
191,小龙坎老火锅（长安路店）,10:00-21:30,0539-7127666,山东省临沂市沂水县长安路88号
192,小龙坎老火锅（家佳源店）,10:00-00:00,0532-80966868,山东省青岛市城阳区正阳中路136号家佳源购物中心一、二楼
193,小龙坎老火锅(剑桥府邸店),11：00-22：00,0516-89622999,江苏省徐州市沛县剑桥府邸商业中心一层1/3商铺
194,小龙坎老火锅（朝阳店）,10:00-00：00,0376-6556666,河南省信阳市淮滨县白露河路与朝阳街十字路口
195,小龙坎老火锅（春光丽景店）,10:00-次日02:00,0558-6669996,安徽省阜阳市阜南县东环路春光丽景小区沿街从北至南1号3号27号28号商铺
196,小龙坎老火锅（文化中心店）,11:00-21:30,0532-58763966,山东省青岛市即墨经济技术开发区市民文化中心二号馆一层、二层
197,小龙坎老火锅（江城水岸店）,,,湖北省黄冈市武穴市粮食路江城水岸C-201商铺
198,小龙坎老火锅（荆河店）,10:30-21:30,0632-3282345,山东省枣庄市滕州市滕州饭庄一层
199,小龙坎老火锅（大中华店）,11:00-00:00,0713-7871777,湖北省黄冈市蕲春县大中华广场（商业步行街）第三层L3-A019号商铺
200,小龙坎老火锅（翰林广场店）,11:00-21:30,0558-8366966,安徽省阜阳市太和县国建翰林广场10幢111-210、112-211、113-212房
201,小龙坎老火锅（金色家园店）,11：00-22：00,0516-89596667,江苏省徐州市丰县金色家园A12幢3-107、4-205、206-210、305-310
202,小龙坎老火锅（滨江店）,10:30-次日02：00,0599-8847777,福建省南平市延平区滨江中路397号冠福大厦二楼01号
203,小龙坎老火锅（谯城万达店）,11:00-次日05:00,0558-8865678,安徽省亳州市谯城万达广场B5-163#
204,小龙坎老火锅（中山路店）,11:00-00:00,0791-86777017,江西省南昌市东湖区中山路百花洲美食广场项目2层号商202铺
205,小龙坎老火锅（南昌店）,11:00-次日01:30,0791-86897767,江西省南昌市东湖区李家路3号
206,小龙坎老火锅（文昌里店）,11:00-21:30,0794-8252188,江西省抚州市临川区文昌里历史文化街区横街70/72/74/76号商铺
207,小龙坎老火锅（万达金街店）,10:00-23:30,0791-86217737,江西省南昌市红谷滩新区万达广场金街A区3-1143/3-2143、2144商铺
208,小龙坎老火锅(三坊七巷店),10:30-次日02：00,0591-87829355,福建省福州市鼓楼区南街街道吉庇巷北侧“三坊七巷”吉庇路缘之园工程1#楼1层05商店复式商铺
209,小龙坎老火锅(玺悦城店),9:30-21:30,0791-85722292,江西省南昌市南昌县澄湖东路1111号20#楼一层部分及二层商铺
210,小龙坎老火锅（世欧店）,10:30-次日02：00,0591-87710179,福建省福州市晋安区象园街道晋连路19号福州世欧广场A4座第五层编号6/7
211,小龙坎老火锅（抚州店）   ,9:30-21:00,0794-8282188,江西省抚州市临川区凤凰城商业广场A区大润发后门
212,小龙坎老火锅（公园大地店）,（筹备中）,,安徽省阜阳市界首市第一小学东大门对面公园大地商铺一二层
213,小龙坎老火锅(麻城文化小镇店),10:00-22:00,0713-2981777,湖北省黄冈市麻城市麻城小镇B1-117至B1-123、B1-125至B1-133号商铺
214,小龙坎老火锅（仓山万达店）,10:30-次日02：00,0591-86085678,福建省福州市仓山区仓山万达金街5号门
215,小龙坎老火锅（辉隆店）,10:00-00:00,0558-3775353,安徽省阜阳市临泉县辉隆生资建材大市场11号楼106、107
216,小龙坎老火锅（悦城店）,10:30-次日02：00,0591-28823918,福建省福州市长乐市吴航路555号恒申悦城第贰层2F-03的店铺
217,小龙坎老火锅（华联时代广场店）,,,湖北省黄石市阳新县兴国大道华联时代广场五层5F-01号
218,小龙坎老火锅（武汉路店）,09:00-00:00,0711-3253777,湖北省黄石市黄石港区武汉路41号德馨鑫圣广场
219,小龙坎老火锅（府前街西段店）,10：00-21:30,0538-2063688,山东省泰安市新泰市府前街西段南侧
220,小龙坎老火锅（城中城店）,（筹备中）,,山东省济宁市邹城市太平西路1035号
221,小龙坎老火锅（谷阳路店）,09：30-22:00,0394-7435555,河南省周口市鹿邑县南关谷阳路中段（老朱氏骨科对面）
222,小龙坎老火锅（乾塔路店）,10:30-23:30,0714-8725588,湖北省黄石市大冶市中晟家居广场一楼
223,小龙坎老火锅（东坡外滩店）,11:00-00:00,0732-17871777,湖北省黄冈黄州区湖北东坡外滩
224,小龙坎老火锅（黄金水岸店）,09:00-00:00,0711-3253777,湖北省鄂州市鄂城区黄金水岸P27-1#-4#号门面
225,小龙坎老火锅（宝鼎花园店）,11:00-22:00,0536-8170033,山东省潍坊市奎文区胜利东街4799号宝鼎花园小区8#三楼
226,小龙坎老火锅（济宁店）,10:00-21:30,0537-3826789,山东济宁市任城区太白东路19号
227,小龙坎老火锅（东环路店）,10:00-23：00,0376-6133363,河南省信阳市息县息夫人大道中段21号
228,小龙坎老火锅（白云广场店）,09：30-22:00,0370-5067177,河南省商丘市梁园区八一路北归德路东都会国际6-8号楼北1-2号
229,小龙坎老火锅（万达广场店）,10:30-次日02：00,0591-86085678,福建省福州市福清市音西街道清昌大道105号万达广场福清境界第A2-A4号楼第1-2层17-19号复式商铺
230,小龙坎老火锅（太白国际店）,11:00-21:00,0537-3795678,山东济宁市任城区太白商业广场F1层142号商铺
231,小龙坎老火锅（城投时代广场店）,10:00-23:30,0713-5180877,湖北省黄冈市红安县沿河路城投时代广场6号楼2楼
232,小龙坎老火锅（国安店）,10:00-21:00,0794-3333766,江西省抚州市南丰县国安风情商业街18#118-124号
233,小龙坎老火锅（御景华府店）,11:00-23:00,0530-6966688,山东省菏泽市成武县伯乐大街中段路南“御景华府”2号楼7-8号商铺
234,小龙坎老火锅（王府店）,11：00-次日5：00,0536-3895888,山东省潍坊市青州市王府商城二楼南大厅
235,小龙坎老火锅（阳光城店）,10:30-次日02：00,0598-8563999,福建省三明市列东街阳光城万新百货二层2041-2045号商铺
236,小龙坎老火锅（恒宇店）,09：00-23:00,0396-5397777,河南省驻马店市平舆县东皇大道与海棠路交叉口恒宇4号楼一二层
237,小龙坎老火锅（文昌北路店）,,,山东省烟台市莱州市文昌北路920号金日天悦
238,小龙坎老火锅（黄陂中百店）,11:00-22:00,027-85017339,湖北省武汉市黄陂区黄陂大道387号4层A区02号铺
239,小龙坎老火锅（光谷软件园店）,11:00-23:30,027-87779757,湖北省武汉市洪山区关山大道特1号光谷软件园B3,B4裙楼一层商铺
240,小龙坎老火锅（光谷店）,11:00-23:30,027-87779757,湖北省武汉市东湖新技术开发区民族大道159号紫菘.枫尚国际裙楼1层2-2号
241,小龙坎老火锅（众园广场店）,11:00-23:30,027-86859699,湖北省武汉市青山区和平大道959号武商众园广场旁
242,小龙坎老火锅（环岛国际店）,10:30-23:00,0530-3606060,山东省菏泽市曹县环岛国际小区2号楼1单元101室、102室
243,小龙坎老火锅（银座店）,10.00-21:30,0538-8201007,山东省泰安市泰山区东岳大街77号银座城市广场
244,小龙坎老火锅（会盟路店）,11:00-22:00,0530-8151111,山东省菏泽市巨野县牡丹小区C区6号楼门市8间
245,小龙坎老火锅（武昌汉街店）,10:00-00:00,027-87305559,湖北省武汉市武昌区汉街
246,小龙坎老火锅（佰港城店）,11:00-00:30,027-87610509,湖北省武汉市洪山区维佳佰港城1楼
247,小龙坎老火锅（新车站店）,10:30-次日02：00,0594-3019333,福建省莆田市荔城区镇海街道文献东路正鼎东街口东区2#3#一层商场1-02（文献东路1642号）
248,小龙坎老火锅（火车站店）,11：00-22：00,0631-5185288,山东省威海市经济开发区青岛中路128号
249,小龙坎老火锅（江汉店）  ,10:00-00:00,027-82609219,湖北省武汉市江汉区江汉四路华顺公寓4—6号
250,小龙坎老火锅（赛博广场店）,11:30-00：00,027-87787969,湖北省武汉市洪山区街道口赛博广场一楼
251,小龙坎老火锅（新华路店）,11:00-00:00,027-85677567,湖北省武汉市江汉区新华路728号日月华庭A栋1-2层9-1室，1-3层9室二处
252,小龙坎老火锅（大学城店）,11:00-23:00,0535-6288788,山东省烟台市莱山区清泉路29号保利MALL对面独幢
253,小龙坎老火锅（江腾广场店）,09:00-21:00,027-84089885,湖北省武汉市汉阳区马鹦路117号江腾广场店C2座三层3020号
254,小龙坎老火锅（大闸路店）,09：30-22:00,0394-3758998,河南省周口市川汇区大闸路南段东侧永盛家园
255,小龙坎老火锅（支农西路店）,09:30-次日02:00,0394-6938999,河南省周口市太康县关回族镇支农路与银城路交叉口西100米路南
256,小龙坎老火锅（华侨城店）,10:30-次日02:00,0533-3335777,山东省淄博市张店区鲁泰大道华侨城小区北门北商业11号
257,小龙坎老火锅（威高店）,11：00-23：00,0631-5217769,山东省威海市环翠区新威路17号威高广场C1区五层【原地址为：山东省威海市环翠区金线顶路1号】
258,小龙坎老火锅（海港路店）,11:00-23:30,0535-6659988,山东烟台芝罘区海港路26号
259,小龙坎老火锅（万达店）,11:00-22:00,0535-6976678,山东省烟台市经济开发区衡山路17号万达广场3F层3008B、3009B、3009A号商铺
260,小龙坎老火锅（经开万达店）,11:00-21:00,13886692092,湖北省武汉市经济技术开发区东风大道111号万达广场室内步行街3F层3017/3018/3019/3F-05号商铺
261,小龙坎老火锅（购物公园店）,09:30-23:00,0714-8121877,湖北省咸宁市温泉路41号（购物公园），5A幢2层201/202/203号
262,小龙坎老火锅（东西湖中心广场店）,11:00-22:00,027-83299110,湖北省武汉市东西湖区五环大道与东吴大道交汇处大泽.中心广场内一层1F-8号
263,小龙坎老火锅（新天地店）,10:30-22:00,0546-6076090,山东省东营市广饶县孙武路新天地生活广场四层美食城内A4010号
264,小龙坎老火锅（万家灯火店）,11:00-次日02:00,0376-6985566,河南省信阳市浉河区礼节路万家灯火22号楼121
265,小龙坎老火锅（祥瑞景城店）,10:30-23:00,0712-2948999,湖北省孝感市孝昌县花园镇中天大道祥瑞景城G11-165铺265铺，G11-263铺，G11-264铺，G11-166铺266铺
266,小龙坎老火锅（鹤伴一路店）,11:00-23:00,0543-4962788,山东省滨州市邹平县鹤伴一路黄山盛都沿街房东5号
267,小龙坎老火锅（香格里拉店）,11点-次日2:00,0530-7770101,山东省菏泽市牡丹区香格里拉广场
268,小龙坎老火锅（长征路店）,10:00-22:00,0712-2867666,湖北省孝感市孝南区长征路12号拾光季2046酒店大门右侧一楼商业门面
269,小龙坎老火锅（体育中心店）,10:30-23:00,0712-2865577,湖北省孝感市体育中心东南角
270,小龙坎老火锅（汉峪金谷店）,10：00-21:30,0531-55823999,山东省济南市经十东路7000号汉峪金融商务中心三区A3-LG2-204
271,小龙坎老火锅（伟东店）,10:00-21:30,0531-67898879,山东省济南市市中区玉函路伟东新都四区17号楼2-102号
272,小龙坎老火锅（中润世纪广场店）,10:30-22:00,0531-82977688,山东省济南市历下区中润世纪广场5号楼101号
273,小龙坎老火锅（高新会展店）,11：00-22：30,053-188766301,山东省济南市高新区新宇路以西，会展中心以北济南新生活家园112号楼3-101房屋一层
274,小龙坎老火锅(新世界商城店),11:00-22:30,0531-82895577,山东省济南市市中区经十一路34号新世界中华名优美食城内
275,小龙坎老火锅（家乐福店）   ,11:00-00:00,0531-67899038,山东省济南市历下区历山路101号
276,小龙坎老火锅（文明路店）,11:00-次日02:00,0396-3333626,河南省驻马店驿城区文明路原养生园家属院一、二楼门面房八间
277,小龙坎老火锅（世纪新城店）,09:30-23:00,0712-8718777,湖北省汉川市世纪新城三期C区一号楼一层22号，二层
278,小龙坎老火锅（缤纷五洲店）,11:00-22:00,0531-68801616,山东省济南市天桥区标山南路47号缤纷五洲商业广场三层305号商铺
279,小龙坎老火锅（运河路美食街店）,11:00-22:00,0546-5696666,山东省东营市东营区运河路495号
280,小龙坎老火锅（印象济南店）,10:00-22:00,0531-87986567,山东省济南市槐荫区青岛路2688号印象济南.泉世界1区6号2层201-207号铺位
281,小龙坎老火锅（大之道店）,,,湖北省咸宁市崇阳县崇阳国际商贸城S111、S112、S113、S134、S135、S136、S137号铺
282,小龙坎老火锅（暨阳店）,（筹备中）,,江西省新余市渝水区沿江路1126号暨阳玫瑰城三期5-111.112,5-1126.1127
283,小龙坎老火锅（府东店）,10:00-23:00,0712-5692777,湖北省孝感市安陆市碧涢路府东名城109-113号商铺
284,小龙坎老火锅（西城店）,11:00-23:00,0546-2898888,山东省东营市东营区济南路以北，海通路以东
285,小龙坎老火锅（建设路店）,11:00-次日01:00,0395-3333651,河南省漯河市源汇区泰山路南段金地兰乔迪亚1楼110号111号
286,小龙坎老火锅（中央公园店）,11:00-21:30,0543-2219888,山东省滨州市滨城区黄三渤七中央公园9幢123号
287,小龙坎老火锅（蒲阳大道店）,09:30-23:00,0712-3231666,湖北省孝感市应城市城中蒲阳大道原“大光明娱乐城”二楼
288,小龙坎老火锅（和昌商城店）,11：00-次日02：00,0595-28860096,福建省泉州市丰泽区田安路和昌商城104#—108#
289,小龙坎老火锅（解放路店）,10:00-23:00,0722-3280577,湖北省随州市解放路玉龙商贸城一楼A001#、A002#、005#
290,小龙坎老火锅（凤凰台店）,10:00-21:30,0635-7553456,山东省聊城市东昌府区汇金街南首中通51-01-02
291,小龙坎老火锅(大新店),09:30-23:00,0728-3238777,湖北省仙桃市大新路21号
292,小龙坎老火锅（开封店）   ,10:00-23：00,0371-22666686,河南省开封市鼓楼区东南鑫泰丽都
293,小龙坎老火锅（石狮泰禾店）,10：00-次日02：00,0595-83679009,福建省泉州市石狮市宝岛中路339号石狮泰禾广场编号L509，L510商铺
294,小龙坎老火锅（万达店）,10:00-23:00,0724-8883277,湖北省荆门市漳河新区象山大道南段38号荆门万达广场
295,小龙坎老火锅(安和店),10:00-次日04:00,0374-8067666,河南省许昌市东城区建安大道以南兴业路以东，景鸿观澜嘉苑10楼东六-东八商铺
296,小龙坎老火锅（银座国际店）,11:00-23:00,0393-8560109,河南省濮阳市华龙区黄河路长庆路西南处“银座国际”1层东南角及2层
297,小龙坎老火锅（高士路店）,10:00-次日02:30,0795-3600899,江西省宜春市高士北路469号楼原新东方酒店一楼壹个店面贰楼柒个店面、叁楼、肆楼整体位置
298,小龙坎老火锅（安海镇店）,10：00-次日02:00,0595-85753388,福建省晋江市安海镇慎中路1号
299,小龙坎老火锅（百乐汇店）,11:00-00:00,0371-55598666,河南省郑州市中牟县建安路百乐汇购物中心A馆北广场东侧门面房三层整体及电梯北二层
300,小龙坎老火锅（汇景广场店）,11：00-21：00,0592-7161179,福建省厦门市翔安区祥福五里23号汇景购物广场4C15-4C20/4C29-4C38
301,小龙坎老火锅(中华路店),11:00-22:00,0371-62591999,河南省郑州市新郑市中华北路东侧少典路北侧碧水蓝天1号楼7-8#
302,小龙坎老火锅（京华中心店）,10：00-00：00,15159055987,福建省龙岩市京华中心项目JH4001商铺
303,小龙坎老火锅（永和苑店）,10:00-次日02:00,0374-7558889,河南省许昌市禹州市坪山永和苑小区东侧
304,小龙坎老火锅（湾悦城店）  ,10:00-22：00,18850027722,福建省厦门市湖里区日圆二里1号湾悦城
305,小龙坎老火锅(汇艺银河店),10:00-次日02:00,0371-60222776,河南省郑州市郑东新区商鼎路77号汇艺银河里2号楼204-207商铺
306,小龙坎老火锅（华南城店）,11:00-次日02:00,0371-62599997,河南省郑州市新郑市龙湖镇郑州华南城内奥特莱斯U街7号楼
307,小龙坎老火锅（龙凤城店）,10:00-21:30,0635-2425556,山东省聊城市临清市文化广场北龙凤城小区南大门由东向西第53号一、二层
308,小龙坎老火锅（加州店）,11：00-22：30,15959268262,福建省厦门市思明区莲前东路123号加州城市广场409号商铺
309,小龙坎老火锅（美景龙堂.万科店）,11:00-00:00,0371-58635555,河南省郑州市管城区美景龙堂.万科广场4层06号
310,小龙坎老火锅（奥永广场店）,11：00-次日02：00,15396287991,福建省厦门市思明区体育路88号奥永广场1F
311,小龙坎老火锅（印象汇店）,10:00-次日02:00,0371-88812232,河南省郑州市金水区凯德广场.金水四层04-20商铺
312,小龙坎老火锅（阿罗海店）,11：00-21：30,15359204619,福建省厦门市海沧区滨湖北二路98-118号阿罗海城市A181/A183单元
313,小龙坎老火锅（樟华国际店）,11:00-23:00,0728-8657777,湖北省潜江市育才路樟华国际1号楼2层商铺
314,小龙坎老火锅（金威广场店）,09:00-22:30,0730-3339999,湖南省岳阳市岳阳楼区巴陵东路199号金威.城市广场112-114号
315,小龙坎老火锅（园林路店）,10:00-次日02:00,0375-3661999,河南省平顶山市园林路西段九九绿墅园临街商铺编号106、107号
316,小龙坎老火锅（国贸店）,11:00-00:00,0371-55022866,河南省郑州市金水区丰产路65号院2号楼二楼东
317,小龙坎老火锅（世茂双子塔店）,10：00-22：00,18150131903,福建省厦门市思明区世茂EMALL3层319号
318,小龙坎老火锅（关照先生店),10:00-次日02:00,0371-68851866,河南省郑州市二七区嵩山南路190号三楼3022号
319,小龙坎老火锅（德化广场店）,11:00-22:30,0371-63361626,河南市郑州市二七步街德化广场B区二楼
320,小龙坎老火锅（九方店）,11:00-22:30,0731-83180168,湖南省长沙市浏阳市九方北正西购物中心六层L608-2号铺
321,小龙坎老火锅（香洲名都店）,11:00-22:30,0730-8218819,湖南省岳阳市岳阳楼区德胜南路香洲名都18栋美食街
322,小龙坎老火锅（宝龙店）,10:00-00：00,0373-5958777,河南省新乡市红旗区金穗大道新乡宝龙广场B区别商1号楼第一、三层S1-F1-005号
323,小龙坎老火锅（惠济万达店）,10:30-23：00,0371-56088519,河南省郑州市惠济区开元路与文创路交叉口惠济万达广场五层5030.5031
324,小龙坎老火锅（公园茂店）,10:30-次日02:00,0371-55373919,河南省郑州市高新区朗悦公园茂购物中心L1-24-06区4层
325,小龙坎老火锅(万达广场店),10:00-21:30,0534-2222616,山东省德州市德城区湖滨南大道德州万达广场室外街402至405号
326,小龙坎老火锅(延安北路店),11：00-次日04：00,0596-6195999,福建省漳州市芗城区延安北路35号一楼2号及二楼
327,小龙坎老火锅(人民路店),11:00-次日02:00,0373-5959777,河南省新乡市人民路193号金桂园3号楼1-2层南数第二户
328,小龙坎老火锅(步行街店),11:00-22:00,0799-6326111,江西省萍乡市安源区文化路步行街L203号商铺
329,小龙坎老火锅（万达广场店）,09：30-23：30,0411-81760077,辽宁省大连市高新园区万达广场善水街21-7-8-9号
330,小龙坎老火锅（正上豪布斯卡店）,11:00-次日02:00,0371-66124888,河南省郑州市荥阳市国泰路和福民路交叉口西南侧正上豪布斯卡第一层X-61号
331,小龙坎老火锅（书香园店）,11:00-次日03:00,0372-2998881,河南省安阳市人民大道与民主路交叉口广厦书香园1#楼底商二楼1-201#-203#
332,小龙坎老火锅（西安路店）,09：30-23：30,0411-62903399,辽宁省大连市沙河口区如意街141号1-2层
333,小龙坎老火锅（龙泉店）,09：30-23：00,0411-3951555,辽宁省大连市中山区龙泉小区南侧1号
334,小龙坎老火锅（百斯德店）,09：30-23：30,0411-81828877,辽宁省大连市甘井子区泉水A4区南侧百斯德商厦B区1层B6-102、B6-103
335,小龙坎老火锅（恒方店）,11:00-22:00,0377-66188886,河南省南阳市宛城区仲景路恒方广场2号楼一楼
336,小龙坎老火锅（龙源路店）,10:00-次日02:00,0391-7258999,河南省焦作市武陟县和平路公元596家天下项目商铺8栋楼8102/8202/8103/8203
337,小龙坎老火锅（中州中路店）,11:00-00:00,0377-66666900,河南省南阳市卧龙区中州路716号中州新贵小区1号楼1层西第2跨265.5平米，二层西一半493.5平米
338,小龙坎老火锅（维也纳店）,10：00-22：30,0411-87550222,辽宁省大连市开发区辽河西路31号维也纳大厦一楼北厅
339,小龙坎老火锅（市标店）,,,河南省汝州市绿洲.望崇文化广场第叁层
340,小龙坎老火锅（金州北山路店）,09：30-次日02：00,0411-87816688,辽宁省大连市金州新区怡心居小区2-1-2-12
341,小龙坎老火锅（创鑫店）,10:00-00:00,0310-8016555,河北省邯郸市丛台区创鑫阳光福邸六期E商业一层6号三层1-15号
342,小龙坎老火锅（襄大广场店）,,,湖北省襄阳市宜城市新建街襄大商业广场B座2层204、205号商铺
343,小龙坎老火锅（水南店）,11:30-次日02:00,0797-6176666,江西省赣州市章贡区“盛汇城市中心”项目2#楼2层2-6至2-19号铺
344,小龙坎老火锅（新兴路开普店）,11:00-次日01:30,0371-64446888,河南省郑州市巩义市新兴路41-9号
345,小龙坎老火锅（焦作店）   ,09：00-22:00,0391-2921111,河南省焦作市解放区政二街与人民路交叉口
346,小龙坎老火锅（温县店）,11:00-22:30,0391-6139995,河南省焦作市温县黄河路
347,小龙坎老火锅（五一店）,,,长沙市芙蓉区五一大道509号
348,小龙坎老火锅（万利达店）,10:30-23:30,0716-8336696,湖北省荆州市沙市区北京路322号
349,小龙坎老火锅（东塘店）,11:00-22:00,0731-84444629,湖南省长沙市雨花区劳动西路565号门面及负一楼
350,小龙坎老火锅（解放西路店）,11:00-22:00,0731-84444066,湖南省长沙市解放西路“Planet D”四层4006号商铺
351,小龙坎老火锅(长虹路城市印象店),09:30-次日02:00,0710-3776270,湖北省襄阳市樊城区长虹路城市印象5幢5号
352,小龙坎老火锅（德思勤店）,,,湖南省长沙市雨花区德思勤城市广场TASKIN MALL L4-1/2/44/45/46/47
353,小龙坎老火锅（万达广场店）,09:30-23:00,0710-3812668,湖北省襄阳市樊城区长虹北路与紫贞路交叉口
354,小龙坎老火锅（汉华国际店）,11:00-00:00,0732-22332228,湖南省株洲市芦淞区建设南路338号汉华国际商业城壹层115#.134-1#
355,小龙坎老火锅（水月寺店）,10:00-21:30,0317-3089898,河北省沧州市运河区水月寺大街颐和新世界B2区142号
356,小龙坎老火锅（润和店）,11:00-22:00,0731-88345321,湖南省长沙市望城区普瑞大道润和彩虹MALL购物中心三层313号商铺
357,小龙坎老火锅（天成店）,10:00--00:00, 0317-6980006,河北省沧州市运河区贻成路天成明月州B1-121
358,小龙坎老火锅（玉鼎花园店）,（筹备中）,,河南省南阳市镇平县玉鼎花园（校场路与雪枫路南）
359,小龙坎老火锅（炎帝广场店）,10:30-22:00,0731-22111888,湖南省株洲市天元区珠江北路37号神农文化休闲街A地块2栋2层2003号商铺
360,小龙坎老火锅（汇通店）,11:00--23:00,0319-8908888,河北省邢台市沙河市新兴路西侧汇通花园东路EPS01、ESP02号商铺
361,小龙坎老火锅（火车站店）,（筹备中）,,河北省衡水市桃城区站前路隆基大厦
362,小龙坎老火锅（御豪庭店）,10:30-00：00,0377-62832888,河南省邓州市新人民路御豪庭4号楼一二层
363,小龙坎老火锅（沁阳店）,09：30-次日02:00,0391-3830888,河南省沁阳市普罗旺世小区商铺
364,小龙坎老火锅（莲城步行街店）,11:00-22:00,0731-58566777,湖南省湘潭市岳塘区莲城步行街B4栋1107、2102号门面
365,小龙坎老火锅（世纪城店）,11:00--23:00,0319_8888876,河北省邢台市桥西区中北世纪城集中商业二的二层南侧
366,小龙坎老火锅(兴达店),9:30--23:30,0319- 8888897,河北省邢台市桥西区兴达路888号一层S2号
367,小龙坎老火锅（泉舜店）,11：00-23：00,0379-65518188,河南省洛阳市洛龙区泉舜财富中心锦泉苑2号楼30-33,35号
368,小龙坎老火锅（春城万象店）,11:00-23:30,0731-87181168,湖南省长沙市宁乡市玉潭街道花明路、八一路交汇处春城万象2栋3楼339号
369,小龙坎老火锅（芳林店）,11：00-23：00,0379-61117701,河南省洛阳市西工区芳林路芳林大厦104号商铺
370,小龙坎老火锅（大桃路店）,11:00-22:00,0737-3107888,湖南省益阳市赫山区大桃路220号
371,小龙坎老火锅（颐翠小学店）,09:30-次日03:00,0356--2068988,山西省晋城市开发区新市东街2036号紫薇华庭商务中心1号楼4号房屋
372,小龙坎老火锅（凤台店）,09:30-次日03:00,0356--6666818,山西省晋城市城区泽州路434号一楼2间二楼5间
373,小龙坎老火锅（联盟路店）,11：00-23：00,0379-61122881,河南省洛阳市涧西区名仕嘉园项目9号楼9-106、9-107号商铺
374,小龙坎老火锅（原南街店）,10:00-次日02:00,0391-6299666,河南省济源市文昌路原南街名优建材城一楼东
375,小龙坎老火锅（金元宝店）,10：00-次日04：00,022-28369997,天津市开发区第二大街21-2号一至二层
376,小龙坎老火锅（世纪广场店）,09：00-21：30,0411-39101188,辽宁省大连市瓦房店市长兴花园小区11-2#
377,小龙坎老火锅（客都店）,11:00-次日01:00,0753-2227229,广东省梅州市丽都西路客都大酒店A栋一层2号之二层
378,小龙坎老火锅（长平广场店）,（筹备中）,,山西省晋城市高平市新北小区4号商铺
379,小龙坎老火锅（永盛苑店）,09:30-次日3:00,0355-3339000,山西省长治市城区永盛苑7号楼下19—20号商铺东侧一层及东侧二层
380,小龙坎老火锅（大庆路店）,09:30-次日3:00,0355-3338000,山西省长治市市城区威远门路7/9/11号17号楼1-2层
381,小龙坎老火锅（奥城店）,11：00-次日03：00,15332065032,天津市南开区凌宾路奥城商业广场8号楼彩汇项目一层8108商铺及二层8220商铺（原地址为：天津市河西区气象台路72号）
382,小龙坎老火锅（广东路店）,10：00-次日04：00,022-88139777,天津市河西区广东路店148号一层500平米及负一层200平米
383,小龙坎老火锅（荣业大街店）,10：00-次日04：00,022-27318887,天津市和平区荣业大街412号长寿公寓底商
384,小龙坎老火锅（上杭店）,11：00-23：00,15712259634,原天津河东区上杭路改为天津市南开区黄河道虹畔大厦
385,小龙坎老火锅（昆纬路店）,11：00-次日03：00,13622149977,天津市河北区昆纬路40号春柳公寓1-1-303
386,小龙坎老火锅（口岸店）,11:00-次日02:00,07682990600,广东省潮州市湘桥区蓝玥湾酒店（原爱吧一、二层）【原地址为：广东省潮州市湘桥区潮枫路兰园附属楼】
387,小龙坎老火锅（万达广场店）,09:30-22:30,0717-6678886,湖北省宜昌市伍家岗区万达广场
388,小龙坎老火锅(万达新天地店),09:00-22:00,0736-7699959,湖南省常德市武陵区新天地A区A1-S2 114-115.210-213
389,小龙坎老火锅（西陵店）,09:30-22:30,0717-6833336,湖北省宜昌市西陵区四新横路15号
390,小龙坎老火锅（华联店）,9：30-21:30,0335-3883456,河北秦皇岛海港区原老二位二楼
391,小龙坎老火锅(鹭港店),10:00-21:30,0315-2220345,河北省唐山市路北区鹭港小区第106S-01号商业房
392,小龙坎老火锅（玉亭路店）,10:00-次日02:00,075487214899,广东省汕头市澄海区玉亭路中段
393,小龙坎老火锅(远洋城店),,,河北省唐山市路北区建设北路128号远洋城二层荟百味美食广场
394,小龙坎老火锅（金源店）,10:00--00:00,13315181250,河北省石家庄市裕华区槐安东路152号103商铺
395,小龙坎老火锅（建华店）,11:00-22:00,0311-85851055,河北石家庄市长安区建华城市广场第5层第5F-01号商铺
396,小龙坎老火锅（汇龙大厦店）,11:00-22:00,0311-85341797,河北省石家庄市桥西区中华南大街与新石南路交口汇龙商务大厦1层E区
397,小龙坎老火锅（新百店）,10:00-次日2：00,0311-88888026,河北省石家庄桥西区中山西路68号二层
398,小龙坎老火锅（天奕商厦店）,09:00-21:00,18331127000,河北省保定市雄县天奕商厦北侧临街独立三层楼房
399,小龙坎老火锅（锦绣湘城店）,10:00-次日02:00,0734-8384966,湖南省衡阳市蒸湘区长丰大道48号锦绣湘城113号门面
400,小龙坎老火锅（益庄店）,11:00-22:00,0311-8833808,河北省石家庄市长安区胜利北街348号第一层部分及第二层
401,小龙坎老火锅（金叶花园店）,11:00-次日02:00,06638920000,广东省揭阳市榕城区建阳路揭阳交警对面（特美思副楼隔壁）
402,小龙坎老火锅（金柏林店）,11：00-次日2:00,0311-87872777,河北省石家庄市新华区金柏林商城北楼一、二层
403,小龙坎老火锅（东厦路店）,11:00-次日02:00,075487231899,广东省汕头市金坪区东厦路62路
404,小龙坎老火锅（莲池大街店）,11:00-22:00,0312-8922111,河北省保定市莲池区莲池南大街427-2号
405,小龙坎老火锅（翠园街店）,11:00-22:00,0312-7903555,河北省保定市高新区翠园街435号{副4}号
406,小龙坎老火锅（尚品步行街店）,11:00--21:00,0312-8665588,河北省保定市徐水盛源南大街尚品步行街商业门面房
407,小龙坎老火锅（新世界店）,11:00-22:00,0316-5215611,河北省廊坊市广阳区建设路与爱民道交口新世界中心一层（B区2号楼底商）
408,小龙坎老火锅（万象店）,10:30-22:30,0719-8666286,湖北省十堰市茅箭区万象国际2楼
409,小龙坎老火锅（万达金街店）,09：00-22：00,0415-4180777,辽宁省丹东市振兴区人民路北侧万达广场金街立交新路13-7、13-9、13-29、13-8
410,小龙坎老火锅（郴州宾馆店）,11:00-00:00,0735-2839888,湖南省郴州市郴州宾馆迎宾楼二楼整层、一楼过道及消防走梯
411,小龙坎老火锅(新中东街店),11：00-次日01:00,0316-6102333,河北省廊坊市固安县新中东街南侧税务局东侧
412,小龙坎老火锅（万泰汇店）,11:00-次日02:00,06632897388,广东省揭阳市普宁市万泰汇购物中心六层L6-01-02
413,小龙坎老火锅（商品城店）,11:00-次日02:00,06632200678,广东省揭阳市普宁市国际商品城尚东步行街1栋A08，B08，B09，B10，B11号
414,小龙坎老火锅（意大利花园店）,11:30-21:00,0353--2888888,山西省阳泉市青岛南路意大利花园5号楼6号底商
415,小龙坎老火锅（六峰路店）,10:00-22:30,0398-3128888,河南省三门峡市湖滨区六峰路与河堤路交叉口北50米三门峡工业园区家属楼
416,小龙坎老火锅（兴海北街店）,（筹备中）,,辽宁省葫芦岛市兴城市温泉街道兴海北街92-1号1B室
417,小龙坎老火锅（盼盼路店）,11：00-21：30,0417-3566999,辽宁省营口市站前区盼盼路3-21/22号
418,小龙坎老火锅（临河里店）,11：00-00：00,010-59528247,北京市通州区临河里1号楼底商109-110号
419,小龙坎老火锅（黄村店）,,,北京市大兴区兴华大街三段3号百联清城购物中心2022F02035号
420,小龙坎老火锅（风度中路店）,11:00-00:00,0751-8231234,广东省韶关市浈江区风度中路58号二层
421,小龙坎老火锅（锦都店）,09:30--22:00,0357-4198999,山西省临汾市侯马市锦都春天购物中心门面M10-M14
422,小龙坎老火锅（理想新城店）,09:30-22:00,0316-3086789,河北省廊坊市三河燕郊开发区理想新城Sa商业楼一层、二层
423,小龙坎老火锅（兴宫中街店）,（筹备中）,,辽宁省葫芦岛市龙港区龙湾大街172-1-2F号
424,小龙坎老火锅（亦庄店）,11:00-次日02：00,010-67860313,北京市经济技术开发区文化园8号院2号楼1层107、2层204
425,小龙坎老火锅（新化世茂店）,11:00-23:30,0738-3399366,湖南省娄底市新化县新化世茂广场一栋一、二楼
426,小龙坎老火锅（丰科万达店）,11：00-次日02：00,010-57722966,北京丰台区丰科路万达金街1-2F3-09,3-10,3-11
427,小龙坎老火锅（常营店）,10：30-次日02：00,010-65759980,北京市朝阳区朝阳北路15号楼1至3层103、105、106、107二层部分
428,小龙坎老火锅（方庄店）,10：00-次日02：00,010-87676999,北京市丰台区方庄芳古园一区29号楼A2（原北京市朝阳区广顺北大街16号望京华彩商业中心三层）
429,小龙坎老火锅（解放路店）,9:30-22:30,0359-2227999,山西省运城市盐湖区解放北路369号建工大楼
430,小龙坎老火锅（坚基店）,11:00-22:00,0762-3313218,广东省河源市东城西片区越王大道西面永康大道南面河源市商业中心越王广场H-L121至123号
431,小龙坎老火锅（石佛营店）,11：00-次日01：00,010-85521345,北京市朝阳区八里庄北里302号楼101号
432,小龙坎老火锅（大汉步行街店）,11:00-23:00,0739-5167771,湖南省邵阳市双清区大汉东风商业步行街A中心2层88-91号
433,小龙坎老火锅(工体店),24小时营业,010-87771699,北京市朝阳区工体东路红阶大厦6单元3层302/303和0301
434,小龙坎老火锅（临汾店） ,09:30--22:30,0357--2029111,山西省临汾市尧都区福利巷
435,小龙坎老火锅（中大街店）,09:30--22:30,0357--2381234,山西省临汾市尧都区中大街德和大厦1层1110号
436,小龙坎老火锅(东直门店),11：30-次日02：00,010-82010505,北京市东城区东直门内街258号-260号商铺
437,小龙坎老火锅（陶铸广场店）,,,湖南省永州市祁阳县金盆西路32号三壕门面房第一、二层
438,小龙坎老火锅（西直门店）,11：00-次日02：00,010-51686868,北京市海淀区交大东路南口31号
439,小龙坎老火锅（隋园食府店）,11：00-次日01：30,010-87679666,北京市石景山区石景山路21号
440,小龙坎老火锅（广顺北大街店）,,,北京市朝阳区望京广顺北大街17号望京六佰本商业街北区三层B02
441,小龙坎老火锅（榆次店）,11:30-22:30,0354--3967999,山西省晋中市榆次区蕴华街695号（窑上小区旁）
442,小龙坎老火锅（府前西街店）,10：30-23：00,010-69466696,北京市顺义区府西街10号院一层东第一跨第二跨
443,小龙坎老火锅（冠恒食府店）,10：00-22：00,0412-3526666,辽宁省鞍山市海城市体育馆东18米冠恒食府
444,小龙坎老火锅（滨河路店）,09：30--23:00,0357--5628555,山西省临汾市霍州市滨河路22号临滨河路房屋6间及临侧街房屋3间
445,小龙坎老火锅（清华园店）,24小时营业,010-82158668,北京市海淀区中关村东路1号院8号楼1层C102号
446,小龙坎老火锅（清河店）,11:00-00:00,010-53561214,北京市海淀区清河嘉园东区甲1号楼301室
447,小龙坎老火锅（创展店）,10:30-00:00,13439111718,北京市顺义区裕曦路7号院7号楼2层204-205
448,小龙坎老火锅(解放路店),10:00-次日02:00,0744-8251799,湖南省张家界市解放路永定区工业品公司（中商广场对面）
449,小龙坎老火锅（人民路店）,11:00-23:30,0351--6066968,山西省太原市小店区人民路28号
450,小龙坎老火锅（晋阳街店）,10:00--22:00,0351--6145888,山西省太原市小店区晋阳街世纪明珠B1号楼15号临街商铺
451,小龙坎老火锅（长风店）,11:00--22:30,0351--4136999,山西太原小店区长风街中段路南文华苑北
452,小龙坎老火锅（爱一方店）,10：00-24：00,0416-3667777,辽宁省锦州市太和区中央南街与市府路交叉口金融中心D座爱一方（锦州店）1F-4001
453,小龙坎老火锅（府东街店）,11:00--23:30,0351--2864999,山西省太原市杏花岭区府东街东段28号府东公馆3号楼1001、1002、1003、1004双层商铺，1005号商铺1层部分
454,小龙坎老火锅（并州路店）,10:00-23:00,0351--6929333,山西省太原市迎泽区并州北路51号二层
455,小龙坎老火锅（金水湾店）,10:00-次日02:00,0746-8629888,湖南省永州市冷水滩区零陵中路&lt;泰丰城北楼&gt;聚财118号门面201商铺
456,小龙坎老火锅（桃花三巷店）,09；30--23:00,0357--5628555,山西省太原市杏花岭区桃园三巷交通厅宿舍4号5号6号一层二层
457,小龙坎老火锅（河畔店）,11：00-22：00,0427-7336789,辽宁省盘锦市兴隆台区河畔花园商网D-1-3、D-1-4、D-1-5号
458,小龙坎老火锅（和平时代店）,10:00-22:30,0351--5880351,山西省太原市万柏林区和平北路23号“和平时代商业街”第一层114号
459,小龙坎老火锅（府学路店）,10：30-23：00,010-69727119,北京市昌平区府学路26号东侧一层、二层西部
460,小龙坎老火锅（盛世风情店）,10:00--22:30,0351--6190777,山西省吕梁市孝义市义虎路盛世风情小区沿街门市30#-31#商铺一、二层
461,小龙坎老火锅（胜利北路北段店）,09：00-00：00,18004226116,辽宁省鞍山市立山区光明街胜利北路33栋-2号
462,小龙坎老火锅（明珠广场店）,,,广东省汕尾市香洲路金海.明珠广场第一层第15号铺位、第二层03号铺位
463,小龙坎老火锅（二道街店）,09：30-21：30,0419-4955888,辽宁省辽阳市白塔区东二道街七号、九号
464,小龙坎老火锅（避暑山庄店）,,,河北省承德市双桥区丽正门大街9号
465,小龙坎老火锅（桃花园店）,09:30-22:00,0350--5567777,山西省忻州市忻府区建设北路桃花园小区13#楼从北往南数第二间（7号）二层、第四间（5号）一层二层
466,小龙坎老火锅（万达广场店）,09：30-21：30,0414-42912356,辽宁省本溪市平山区平山路跃进街万达广场室内步行街4F层4067、4068
467,小龙坎老火锅（佳兆业店）,10:00-00:00,07527118559,广东省惠州市惠城区惠州大道路11号惠州佳兆业广场4层L428、L431号
468,小龙坎老火锅（颐景天城店）,,,湖北省恩施市航空路颐景天城4-1号
469,小龙坎老火锅（增城万达广场店）,11：00-22：30,020-32199288,广东省广州市增城区荔城街增城大道69号3栋117
470,小龙坎老火锅（印象汇店）,10:00-次日01:00,07523895939,广东省惠州市惠阳区印象汇广场.淡水项目02-28A/29/30商铺
471,小龙坎老火锅(清泉广场店),,,广东省惠州市惠阳区金慧街（路）16号3A08/09
472,小龙坎老火锅（怡惠园店）,10：00-00:00,0913-2186688,陕西省渭南市临渭区仓程路中段怡惠园101室
473,小龙坎老火锅（财信店）,11:00-21:00,0743-8236599,湖南省湘西土家族苗族自治州吉首市财信商贸中心二期湘西大厦一层104#-108#、132#-137#
474,小龙坎老火锅（中央公园店）,11:00-22:00,0358--8286000,山西省吕梁市离石区北川河东路中央公园15号楼8租
475,小龙坎老火锅（城市花园店）,11:00-22:30,0763-3339983,广东省清远市清城区城市花园牡丹苑31栋楼梯之三及33栋二层之一号
476,小龙坎老火锅（沈辽路万达店）,09：30-21：30,0246-6969988,辽宁省沈阳市铁西区兴华南街58-20号万达广场室内步行街3F层390-392号商铺
477,小龙坎老火锅（星光天地店）,（筹备中）,,广东省东莞市黄江镇环城路雍雅山庄中环商住小区第1栋第1层第120号
478,小龙坎老火锅(文艺路店),10：00-00：00,0246-6719888,辽宁省沈阳市沈河区文艺路30号3门商铺（一、二层）
479,小龙坎老火锅（金州店）,09:30-22:30,0915-3237799,陕西省安康市汉滨区安悦街64号商铺
480,小龙坎老火锅（琼天广场店）,10:00-21:00,0745-2330677,湖南省怀化市鹤城区琼天商业广场五楼
481,小龙坎老火锅（中兴店）,10：00-00：00,0246-2707888,辽宁省沈阳市沈河区中街路268号沈阳中兴一城R3馆
482,小龙坎老火锅（龙岗万科店）,10:00-24:00,0755-28285836,广东省深圳市龙岗区中心城龙翔大道龙岗万科中央广场商铺126/127号
483,小龙坎老火锅（东城十三碗店）,11:00-00:00,0769-82389638,广东省东莞市东城区“东城花园”（十三碗美食广场）2#号楼B14、B15商铺
484,小龙坎老火锅（松湖店）,11:00-22:00,0769-23299382,广东省东莞市大朗镇华为东莞终端研发中心园区
485,小龙坎老火锅（河西紫园店）,10:00-22:00,0745-2776677,湖南省怀化市鹤城区紫园三期综合楼201号整层店铺
486,小龙坎老火锅（润塘店）,11:00-00:00,0769-81281486,广东省东莞市塘厦镇四村公寓7栋101,102,103号
487,小龙坎老火锅（智汇城店）,11:00-00:00,0769-22999520,广东省东莞市南城街道曙光路18号智汇城A栋A01，A栋201号
488,小龙坎老火锅（花都来又来店）,11：00-22:00,020-86880567,广东省广州市花都区龙珠路39号“来又来广场”五层第5002号商铺
489,小龙坎老火锅（领尚店）,11:00-00:00,0769-81881996,广东省东莞市大岭山镇玉屏路11号领尚购物广场10号楼2层1047、1048
490,小龙坎老火锅（西山店）,10：00-23：00,0418-2566667,辽宁省阜新市海州区经纬路29-4、经纬路29-5号
491,小龙坎老火锅（华南城店）,11：00-24：00,0755-28903114,广东省深圳市龙岗区平湖街道华南大道一号华南国际华南城舌尖美食文化创意园第一号街108、107-02/2017—02/03号
492,小龙坎老火锅（公明店）,11:00-23:00,0755-21389991,广东省深圳市光明新区公明街道长春路宏汇阁
493,小龙坎老火锅（南滨新天地店）,10:00-22:00,0718-7899898,湖北省恩施州利川市南滨大道南滨新天地第1楼第2层15-22号
494,小龙坎老火锅（壹海城店）,10：30-次日02;00,0755-25160906,广东省深圳市盐田区海景二路东南侧壹海城四区4栋101号
495,小龙坎老火锅（松山公园店）,11:00-次日02:00,0769-33211188,广东省东莞市厚街大道11号中安国际大厦01层01-04号
496,小龙坎老火锅（潮楼百货店）,10：00-23：00,020-31604789,广东省广州市黄埔区大沙西路311号F602号商铺
497,小龙坎老火锅（东圃康盛店）,11;00-24；00,020-89623990,广东省广州市天河区中山大道中路443号康盛大厦一、二层
498,小龙坎老火锅（虹桥中路店）,,,湖南省湘西土家苗族自治州凤凰县东升商业广场二层206-210号
499,小龙坎老火锅(大浪商业中心店),11：00-23:30,0755-21018786,广东省深圳市龙华新区大浪办事处华旺路大浪商业中心N:N105，N106号商铺
500,小龙坎老火锅（皇岗店）,10:30-次日04:00,0755-82552766,广东省深圳市福田区皇岗上围食街叁号铺门面牌上围一村108-1栋1.2层
501,小龙坎老火锅(长安万科广场店),11:00-23:00,0769-88007932,广东省东莞市长安镇长青南路1号（长安万科广场）L4-019号商铺
502,小龙坎老火锅（凯德广场店）,10：00-22：00,020-86310168,广东省广州市白云区云城西路890号凯德广场B2
503,小龙坎老火锅（壹成中心店）,,,广东省深圳市龙华新区壹成中心第五区街区商铺5区1-2层101-103
504,小龙坎老火锅（正佳广场店）,10：00-22：00,020-87066433,广东省广州市天河区天河路228号正佳广场三楼东南向3A020-5.7号商铺
505,小龙坎老火锅（世纪城店）,11；00-23：00,0755-27780931,广东省深圳市宝安区宝石东路宏发世纪城花园7栋112、113、115B、205-210
506,小龙坎老火锅（天河店）    ,10：00-次日02：00,020-87311888,广东省广州市天河区兴盛路11号2层
507,小龙坎老火锅（春风路店）,10:00-次日02:00,0755-22277192,广东省深圳市罗湖区南园街道东门南路3016号
508,小龙坎老火锅（地王店）,10：30-次日02：00,0755-27277066,广东省深圳市罗湖区宝安南路大信大厦二层西北侧
509,小龙坎老火锅（鼎晟广场店）,10:00-次日02:00,15218773733,广东省东莞市虎门镇连升北路鼎晟生活广场2层2号铺
510,小龙坎老火锅（梅林卓越店）,10:30-24：00,0755-88283616,广东省深圳市福田区梅林理想时代大厦208-A号
511,小龙坎老火锅（东园店）,10：30-次日02：00,0755-22277176,广东省深圳市福田区东园路57号
512,小龙坎老火锅（沙田中心店）,,,广东省佛山市南海区里广路9号沙田中心广场B区二层B-L210、212、215号商铺
513,小龙坎老火锅（沙井店）,10：30-次日02：00,0755-29852239,广东省深圳市宝安区沙井路180号金沙童话第2层2002号商铺
514,小龙坎老火锅（万和店）,09:00-次日02:00,029-82542178,陕西省西安市新城区长缨西路一号万和城东区二层1号、2号
515,小龙坎老火锅（华源万和城店）,10:00-22:00,0349--8888899,山西省朔州市朔城区建设北路华源万和城B5商业楼底商
516,小龙坎老火锅（西丽店）,,,广东省深圳市南山区西丽街道“湘厨食尚”二楼
517,小龙坎老火锅（江南西店）,11；00-23：00,020-89623986,广东省广州市海珠区江南西路江南西人301铺
518,小龙坎老火锅（小寨店）,10:00-次日02:00,029-89350221,陕西省西安市雁塔区小寨东路126号二楼
519,小龙坎老火锅（车公庙店）,11：00-次日03：00,0755-23947226,广东省深圳市福田区车公庙泰然工业区213栋1C.105
520,小龙坎老火锅（老城根店）,10:30-次日02:00,029-63388088,陕西省西安市星火路22号老城根商业街3F-12号商铺
521,小龙坎老火锅（展览馆店）,11:00-21:00,0313-2569998,河北省张家口市桥西区清水河中路3号第二层
522,小龙坎老火锅（粉巷店）,10:30-次日02:00,029-87360833,陕西省西安市莲湖区粉巷2号沿街
523,小龙坎老火锅（市政府店）,10:30-次日02:00,029-89290527,陕西省西安市未央区凤城八路盐东商业街中部电梯东侧一层第一间
524,小龙坎老火锅(番禺万达店),11：00-23：00,020-85820657,广东省广州市番禺区南村镇汉溪大道东（延伸段）393号02号-02号
525,小龙坎老火锅（白石洲店）,10:00-次日02:00,0755-26404060,广东省深圳市南山区白石洲未来时代主体檐廊首层2号
526,小龙坎老火锅（龙首店）,11:00-次日02:00,029-86365217,陕西省西安市未央区龙首2号楼南向商业街二层中段
527,小龙坎老火锅（缤纷店）,11:00-次日02:00,0755-23355087,广东省深圳市宝安区新安街道五区万信商厦二楼
528,小龙坎老火锅（旺座国际店）,11:00-次日02:00,029-88898343,陕西省西安市高新区唐延路3号旺座国际1层40101号D座
529,小龙坎老火锅（番禺万科里店）,10：00-22：00,020-39990829,广东省广州市番禺区市桥街盛兴大街95号和盛商业中心C4区C2-3/C2-4
530,小龙坎老火锅（锦业时代店）,11:00-次日02:00,029-81111795,陕西省西安市雁塔区锦业路32号锦业时代项目二期商业B2号楼1-04商铺
531,小龙坎老火锅（宝中店）,11:00-次日02:00,0755-23219344,广东省深圳市宝安区宝安大道西南侧花乡家园A129、A130、A131、A132
532,小龙坎老火锅（西乡店）,10：00-次日02：00,0755-23215676,广东省深圳市宝安区西乡街道金海路乐群综合楼A2栋110号
533,小龙坎老火锅（伟业兴隆店）,11:00-22:00,18566099476,广东省佛山市南海区大沥镇振兴路13号伟业华誉豪庭13栋五层5F11-12A号商铺
534,小龙坎老火锅（南山店）,10：00-次日02：00,0755-22225578,广东省深圳市南山区龙珠阁（粤海龙城与南商路交汇处）
535,小龙坎老火锅（永泰南路店）,10:00--22:00,0352--8884888,山西省大同市城区工农路格兰云天D座（8、9、10）号二层
536,小龙坎老火锅（海上世界店）,11:00-次日02:00,0755-21161676,广东省深圳市南山区工业三路1号三层05、06号商铺
537,小龙坎老火锅(凯德广场店),11:00-22:00,0757-86287406,广东省佛山市南海区凯德商场2楼
538,小龙坎老火锅（岭南天地店）,11:00-22:30,0757-83054699,广东省佛山市禅城区岭南天地商业中心祖庙大街4号ZM402-403
539,小龙坎老火锅（咸阳店 ）  ,09:00-22:30,029-3597066,陕西省咸阳市秦都区世纪大道南海家缘对面
540,小龙坎老火锅(天佑城店),11:00-22:00,0757-26612121,广东省佛山市顺德区容桂桂州大道中63号天佑城二层2A003
541,小龙坎老火锅（万达店）,09:30--00:00,0476-7778888,内蒙古省赤峰市红山区万达水岸天街A2区、AS5 010129、010130
542,小龙坎老火锅（江华国际店）,11：00-22：00,0856--8186111,贵州省铜仁市碧江区清水大道125号江华国际B幢2层
543,小龙坎老火锅（东苑店）,10:00-次日02:00,0911-2516555,陕西省延安市宝塔区桥沟镇东苑路63号院一层104号商铺
544,小龙坎老火锅（向明广场店）,10：30-次日02：00,0760-88613303,广东省中山市小榄镇新华中路118号“向明广场”（大信新都汇·118广场）外广场一楼GC1F19-GC1F20
545,小龙坎老火锅（大信店）,10：30-次日02：00,0760-88785088,广东省中山市石岐区莲塘东路18号首层3、4、5卡
546,小龙坎老火锅（博爱店）,10：30-次日02：00,0760-88226868,广东省中山市石歧区博爱三路36号南下新码头201-204
547,小龙坎老火锅（顺兴店）,10：30-次日02：00,0760-87555678,广东省中山市横栏镇顺兴南路17号
548,小龙坎老火锅（江门店）,11:00-23:30,0750-3902626,广东省江门市蓬江区院士路69号
549,小龙坎老火锅（前山店）,10：30-次日02：00,0756-2295666,广东省珠海市香洲区明珠南路3228号
550,小龙坎老火锅（好世界店）,11:00-次日02:00,0758-2282279,广东省肇庆市端州区天宁北路63号好世界购物中心第二层第001-004/005A、006A、007A号铺位
551,小龙坎老火锅（粤海店）,10：30-次日02：00,0756-8898678,广东省珠海市香洲区粤海中路1035号
552,小龙坎老火锅（正阳步行街店）,11:00-次日03:00,0773-2835588,广西省桂林市秀峰区依仁路122号正阳步行街
553,小龙坎老火锅(金街店),11:00-00:00,0773-3637886,广西省桂林市穿山东路43号桂林金街13栋1.2-78/79/80号商铺
554,小龙坎老火锅（府谷体育场店）,09:00-22:00,0912-8757577,陕西省榆林市府谷县新区新光天地4楼
555,小龙坎老火锅（益田西街店）,11:00-00:00,0773-8887598,广西省桂林市阳朔县益田西街购物中心C203&amp;C303
556,小龙坎老火锅（神木店）    ,09:30-22:30,0912-8326688,陕西省榆林市神木区黄庄路下段消防队斜对面
557,小龙坎老火锅（定远营店）,09:30-22:00,0483-8881777,内蒙古省阿拉善阿左旗定远营8号楼
558,小龙坎老火锅（中环店）,10：30-次日02：00,17817508264,广东省江门市台山市台城环市中路38号沃华中环广场集中商业101号
559,小龙坎老火锅（保安时代店）,10：00-00:00,0911-6630000,陕西省延安市志丹县保安时代CD栋一层商铺
560,小龙坎老火锅（多维国际店）,11：00-次日02：00,0856-8682555,贵州省铜仁市德江县乌江大道勇创多维国际3期2层3号
561,小龙坎老火锅（明珠店）,（筹备中）,,陕西省榆林市靖边县明珠大厦B区第二层
562,小龙坎老火锅（金平广场店）,10：00-次日02：00,0827-6712999,四川省巴中市平昌县江口镇新平街西段金平广场二楼11#、12#商铺
563,小龙坎老火锅（世纪大道店）,09:00-次日04:00,0934-8232222,甘肃省庆阳市西峰区世纪大道雄越小区D幢322.222.122号房屋
564,小龙坎老火锅（天汉长街店）,11:00-22:00,0916-8828999,陕西省汉中市滨江新区天汉文化公园.天汉长街A区2栋楼D座商铺二层212号
565,小龙坎老火锅（庆阳店）      ,09:00-22:00,0934-8512111,甘肃庆阳市西峰区南大街豪鑫时代广场5楼
566,小龙坎老火锅（民生店）,09:30-次日02:00,0911-7695777,陕西省延安市吴起县东方百货第三层一区域
567,小龙坎老火锅（宝鸡高新店）,10:00-00:00,0917-3125777,陕西宝鸡高新区高新一路在水一方A座
568,小龙坎老火锅（汇雅风尚店）,09：30-21:30,0471-3824270,内蒙古省呼和浩特市赛罕区乌兰察布东街汇雅风尚一号楼
569,小龙坎老火锅（万达店）,,,内蒙古自治区通辽市科尔沁区清真办事处万达广场小区A24#116-118
570,小龙坎老火锅(万兴广场店),10：00-23：00,0818-7216999,四川省达州市渠县万兴广场电玩城门市（从北至南1-6号）
571,小龙坎老火锅（宝鸡英达店）,09:30-次日02:00,0917-3362777,陕西宝鸡渭滨区英达路西段海关大楼斜对面
572,小龙坎老火锅（蓝湾国际店）,09：30-00：00,0827-2225678,四川省巴中市巴州区蓝湾国际B区11栋2楼
573,小龙坎老火锅（东汇城店）,10：30-次日02：00,0662-2669788,广东省阳江市江城区东风三路123号东汇城广场第L层L001-L003
574,小龙坎老火锅（文澜雅筑店）,09：30-22：00,0477-8566666,内蒙古自治区鄂尔多斯市康巴什新区亿利城文澜雅筑
575,小龙坎老火锅（万象城店）,10:00-次日04:00,0772-3678677,广西省柳州市鱼峰区文昌路17号柳州华润中心购物中心万象城第L3层366号
576,小龙坎老火锅（未来城店）,,,贵州省黔东南苗族侗族自治州凯里市凯棉路140号拉薇公园北区二层3号铺
577,小龙坎老火锅（五星街店）,11:00-次日02:00,0772-3867888,广西省柳州市城中区解放南路138号友商住楼1栋二楼
578,小龙坎老火锅（营山店）,10：30-22：00,0817-8317555,四川省南充市营山县欧玛特广场
579,小龙坎老火锅（广安店）,09：00-次日02：00,0839-3442777,四川省广安市广安区环形巷39号-41号
580,小龙坎老火锅（岳池九龙大街店）,10：30-22：00,0826-5211118,四川省广安市岳池县九龙大街305号
581,小龙坎老火锅（Touch12店）,09：30-23：00,0431-89256789,吉林省长春市净月区临河街与南三环中海国际社区商H11栋106/107
582,小龙坎老火锅（洪崖洞店）,,,重庆市渝中区民族路100号地下层101号，中国银行隔壁
583,小龙坎老火锅（解放碑店）,11:00-次日02:00,023-63661717,重庆市邹容路118号（大世界酒店旁）
584,小龙坎老火锅（磐石路店）,09：30-22：30,0431-8886552/0431-88865556,吉林省长春市南关区审苑小区3#楼7号门市房
585,小龙坎老火锅（宏德店）,10：00-22：00,0817-7238111,四川省南充市仪陇县新政镇宏德大道三段132、136号
586,小龙坎老火锅（红旗街店）,09:30-23:30,0431-89266789,吉林省长春市朝阳区红旗街765号“华亿红府”小区4.14栋106号
587,小龙坎老火锅（文化街店）,09:30-22:00,0933-77109999,甘肃省平凉市华亭县砚北小区5#楼下1号商铺
588,小龙坎老火锅（金鼎时代店）,11:00-21:30,0933-8880005,甘肃省平凉市崆峒区金鼎时代公馆商业房1号
589,小龙坎老火锅（南大街店）,,,陕西省榆林市定边县新区田丰园二楼
590,小龙坎老火锅（融恒时代广场店）,10：00-22：00,0826-6260666,四川省广安市武胜区沿口镇兴武大道“融恒时代广场”2栋第二层2—33至47号
591,小龙坎老火锅（世贸城店）, 10：30-22：30,0851-28416666,贵州省遵义市汇川区昆明路唯一国际世贸城A区天街一层，AT-1-4，AT-1-5
592,小龙坎老火锅（广州路店）, 10：30-22：30,0851-28976789,贵州省遵义市广州路香樟印象二座二层商铺
593,小龙坎老火锅（红花岗剧院店）,11:00-次日02:00,  0281-28260555,贵州省遵义市红花岗剧院右侧（原广源酒楼）
594,小龙坎老火锅（恒河外滩店）,10：00-22：00,0817-2117333,四川省南充市顺庆区文峰街恒河外滩1号8幢2层204号
595,小龙坎老火锅（涪江店）,10：00-22：00,0817-2131333,四川省南充市顺庆区涪江路119号
596,小龙坎老火锅（财富中心店）,11：00-22：00,0854-8223667,贵州省黔南布依族苗族自治州都匀市文峰街剑江中路35号尚城·财富中心B区二楼商铺
597,小龙坎老火锅（中虹店）,10：00-22：00,0817-2137333,四川省南充市嘉陵区南虹路二段138号中虹国际一区一幢二层2-8，二幢二层2-4,2-10,2-11,2-12铺
598,小龙坎老火锅（解放中路店）,10:00-00:00,0432-69975678,吉林省吉林市船营区解放大路牛马行头银龙大厦正楼8号门市
599,小龙坎老火锅（东方广场店）,10：00-22：00,0817-6272566,四川省南充市阆中市俊豪阆中购物中心A栋1层1-11
600,小龙坎老火锅（华业店）,10:00-00:00,0432-63125678,吉林省吉林市昌邑区嫩江街199号华业城市广场1F-04A号、2F-73/74/75号铺
601,小龙坎老火锅（大润发店）,（筹备中）,,广西壮族自治区玉林市玉州区民主南路大润发玉林店1019号柜
602,小龙坎老火锅（延大店）,10:00-23:00,0433-4366789,吉林省延边朝鲜族自治州延吉市天池广场购物中心2楼2015、2016室
603,小龙坎老火锅（民东店）,09：30-22:00,0472-5151888,内蒙古包头市青山区青年路28号恒源银座裙楼七巧国银领店一楼A2-1/A2-2
604,小龙坎老火锅（中央华城店）,10：00-23：00,0839-3442777,四川省广元市利州区万达广场室外步行街1#底商1-1、1-2B、1-3B
605,小龙坎老火锅（安汉店）,10：00-22：00,0817-4711333,四川省南充市西充县北部新城北城天街安汉大道三段2幢1-5号
606,小龙坎老火锅（站前六路店）,10：30-次日02：00,0668-2299517,广东省茂名市茂南区站前六路
607,小龙坎老火锅（麦积店）         ,09:30-23:00,0938-2656698,甘肃省天水市麦积区三马路
608,小龙坎老火锅（成州店）,09:00-23:00,0939-3328888,甘肃省陇南市成县成州明珠商业广场二层1号商铺
609,小龙坎老火锅（水上公园店）,,,甘肃省平凉市庄浪县水洛镇水上公园永盛汽贸二楼
610,小龙坎老火锅（东海太阳城店）,09:00-00：00,0954-2855000,宁夏省固原市原州区六盘山路西段东海·太阳城1#、2#
611,小龙坎老火锅（国酒南路店）,11：00-22：00,18585375588,贵州省遵义市仁怀市国酒南路682号新景商城7栋1层2-4.5-9号
612,小龙坎老火锅（名门时代店）,9：30-23：00,0854-8827999,贵州省黔南布依族苗族自治州龙里县名门时代广场B栋4楼4-30/4-31/4-31
613,小龙坎老火锅（环亚店）,09：30-22：00,0433-7719888,吉林省延边朝鲜族自治州环亚山城小区A区61栋105-107号
614,小龙坎老火锅（秦州店）,10:00-22:30,0938-8286680,甘肃省天水市秦州区
615,小龙坎老火锅（天水兰天店）,09:30-23:30,0938-8229033,甘肃省天水市秦州区兰天城市广场5楼
616,小龙坎老火锅（鼎盛国际店）,09：30-22：00,0825-6805575,四川省遂宁市船山区五彩缤纷路鼎盛国际太平洋B馆2层
617,小龙坎老火锅（滨江店）,10：30-23：00,0825-8888353,四川省遂宁市船山区滨江中路
618,小龙坎老火锅（未来方舟店）,11：00-22：00,0851-86880707,贵州省贵阳市云岩区未来方舟G6组团2层
619,小龙坎老火锅（富水北路店）,10：00-次日2：00,0851-85558957,贵州省贵阳市云岩区延安东路37号物资综合大厦裙楼商场205
620,小龙坎老火锅（黄金路店）,10：00-00：00,0851-85916256,贵州省贵阳市云岩区枣山路11号港天大厦1单元1层3B号
621,小龙坎老火锅（鸿通城店）,9：30-22：30,0851-82605777,贵州省贵阳市南明区解放路100号鸿通购物中心L4B67-L4B70
622,小龙坎老火锅（中央天街店）,10：00-次日02：00,0816-7122288,四川省绵阳市盐亭县盐亭中央天街1号商业楼1-4-1至6#、1-4-19至23#号商铺
623,小龙坎老火锅（花果园店）,10：00-次日4：00,0851-85950536,贵州省贵阳市南明区花果园中央商务区4号二楼
624,小龙坎老火锅（小河万科店）,11：00-00：00,0851-83939520,贵州省贵阳市经开区珠江路万科广场1楼
625,小龙坎老火锅（风雨桥店）,10：00-00：00,0851-85759533,贵州省贵阳市南明区花果园-R1区，-7至11栋一负137号
626,小龙坎老火锅（美的林城店）,9：00-00：00,0851-84580833,贵州省贵阳市观山湖区美的大道美的林城时代第A-21至A-22栋1层12号门面
627,小龙坎老火锅（世纪金源店）,10：00-次日2：00,0851-84392716,贵州省贵阳市云岩区金阳南路一号西南五金机电专业批发市场J栋1-3层
628,小龙坎老火锅（太和大道店）,09：30-21：30,0825-619599,四川省遂宁市射洪县太和大道南段城南新天地二期第二层
629,小龙坎老火锅（将军路店）,9：30-次日2：00,0851-83866518,贵州省贵阳市花溪区将军路17号门面及二至四层楼
630,小龙坎老火锅（安岳东大街店）,11:00-23:00,028-24545199,四川省资阳市安岳县岳阳镇东大街150号
631,小龙坎老火锅（甘谷店）,11:00-21:30,0938-6868000,甘肃省甘谷县大像山西路北侧尚都百汇南1楼二层
632,小龙坎老火锅（治平路店）,10:00-22:00,0830-6020666,四川省泸州市江阳区治平路3号
633,小龙坎老火锅（恒大电影店）,10：30-次日02：00,0759-2847229,广东省湛江市经济技术开发区龙潮路5号恒大帝景公馆恒大影城1层01-04号铺
634,小龙坎老火锅（佳乐世纪店）,10:30-22:00,0830-3778888,四川省泸州市江阳区佳乐世纪城2楼
635,小龙坎老火锅（隆昌店） ,10:30-22:00,0832-3964888,四川省内江市隆昌关岭国际
636,小龙坎老火锅（金钻店）,09：00-22：00,0438-3160666,吉林省松原市宁江区金辉街81号
637,小龙坎老火锅（帅乡店）,10:00-22:00,028-23239188,四川省资阳市乐至县帅乡大道仙鹤观公园接待中心1号楼
638,小龙坎老火锅（世纪滨江店）,10:00-23:00,0832-2179788,四川省内江市市中区世纪滨江四期11幢1单元2层3、4、5号
639,小龙坎老火锅（万达店）,11:00-00:00,0832-2056333,四川省内江市东兴区汉安大道西段1243号
640,小龙坎老火锅（红宝店）,10:00-22:00,0953-2705666,宁夏回族自治区吴忠市利通区开元大道市政府西侧
641,小龙坎老火锅（时代天骄店）,10：00-次日02：00,0816-2232229,四川省绵阳市湾城区跃进路131号“时代天骄”5号楼2层1-4号
642,小龙坎老火锅（崇尚国际店）,10：00-次日02：00,0816-2316668,四川省绵阳市长虹大道崇尚国际
643,小龙坎老火锅(华福御景店),10:00-22:00,0953-3644666,宁夏省青铜峡市裕民街道办事处小坝镇文化北路
644,小龙坎老火锅（凯旋城店）,09：30-00：00,0838-7182888,四川省德阳市中江县凯江镇一环路东段凯旋城7楼2F(312号.324号.326号)
645,小龙坎老火锅（环宇天地店）,,,广西省南宁市兴宁区大乌路29号中海环宇天地S06栋二层201-207号
646,小龙坎老火锅（盛天华府店）,11:00-次日02:00,0771-5685695,广西省南宁市青秀区中越路8号盛天华府项目B8号楼二楼A层
647,小龙坎老火锅（如意湖店）,09:30-次日02:00,0951-8631777,宁夏省银川市贺兰县如意湖西夏文化街1号铺（宏基月湖湾东侧）
648,小龙坎老火锅（琅西店）,11:00-00:00,0771-5678008,广西省南宁市青秀区桂春路13号金禾宫大酒店有限公司二楼中部
649,小龙坎老火锅（魔方街店）,10:00-23:00,0813-7573888,四川省自贡市富顺县德蓉魔方街商业编号15号楼2楼3、4号商铺
650,小龙坎老火锅（天平店）,10:00-23:00,0951-7660077,宁夏省银川市兴庆府大院东区（天平店）
651,小龙坎老火锅（大世界广场店）,10:00-23:00,0951-7660099,宁夏省银川市金凤区大世界商务广场底商（1-104）
652,小龙坎老火锅（朝阳店）,11:00-次日02:00,0771-5679399,广西省南宁市兴宁区朝阳路35号二楼左侧
653,小龙坎老火锅（永恒朗悦店）,10:00-22:00,0771-6722757,广西省南宁市西乡塘区大学东路118号永恒朗悦02.03.05.06号商铺
654,小龙坎老火锅（江南万达店）,11:30-23:30,0771-4897088,广西省南宁市江南区万达广场A151铺，A8-246号铺
655,小龙坎老火锅（北大街店）,11：00-22：00,0857-7110857,贵州省毕节市织金县金中大道南惠友广场二层商铺
656,小龙坎老火锅（财富中心店）,11：00-22：00,0851-33333480,贵州省安顺西秀区黄果树大街印象安顺财富中心B座1—D8铺
657,小龙坎老火锅（皇龙店）,10:00-21:00,028-26633288,四川省资阳市雁江区皇龙路皇龙新城小区B2栋B2F1-2至1-5
658,小龙坎老火锅（华商店）,11:00-22:00,0813-5706633,四川省自贡市自贡华商国际美食街
659,小龙坎老火锅（滨江店）,10:00-23:00,028-27299988,四川省简阳市简城镇红建路北段逸水鼎城一号楼1-1号
660,小龙坎老火锅（人名广场店）,11:00-22:00,18693211211,甘肃省定西市陇西县巩东新村124号1楼3号店面
661,小龙坎老火锅（滨河路店）,10:30-23:00,0832-5813777,四川省内江市威远县严陵镇滨河路创宇蓝色地中海3幢1单元负一层122-129号
662,小龙坎老火锅（下南街店）,09:30-次日02：00,0838-2239999,四川省德阳市旌阳区长江西路二段下南街1号2层P2-7
663,小龙坎老火锅(东升丽景店),11：00-22：00,0857-8914567,贵州省毕节市七星关区开行路东升丽景商住楼负1层3号
664,小龙坎老火锅（宕昌滨河路店）,10:30-23:00,0939-6116007,甘肃省陇南市宕昌县旧城坝南滨河路岷江阳光城住宅小区3号楼201-206号
665,小龙坎老火锅（定西店）,11:00-22:00,0932-8856666,甘肃省定西市西岩区凤凰苑2号楼
666,小龙坎老火锅（未央巷店）,24小时营业,0779-3922133,广西省北海市海城区上海路2号未央巷商业街B1栋商业别墅
667,小龙坎老火锅（盛世华章店）,10：30-23：00,0838-6201199,四川省德阳市绵竹市盛世华章明代一层
668,小龙坎老火锅（南森店）,24小时营业,0779-3033055,广西省北海市北部湾中路66号南森大厦第二层201-202号铺
669,小龙坎老火锅（西五大润发店）,10：30-22：00,0453-8884888,黑龙江省牡丹江市西安区西新安街246号大润发商场1F1001号
670,小龙坎老火锅（南岸航天路店）,10:00-23:30,0831-8888001,四川省宜宾市翠屏区南岸航天路中段4号阳光41幢1层4号
671,小龙坎老火锅（宜宾1店）  ,10:00-23:30,0831-3602628,四川省宜宾市南岸西区崇文路口鑫杰座A栋
672,小龙坎老火锅（合江门店）,10:00-23:30,0831-8881313,四川省宜宾市翠屏区合江路
673,小龙坎老火锅（鼓楼西街店）,09:30-23:30,0955-7071111,宁夏回族自治区中卫市沙坡头区鼓楼西街槐树北巷东侧2层02、1层02
674,小龙坎老火锅（宜宾2店）  ,10:00-22:00,0831-6883555,四川省宜宾市宜宾县交通街
675,小龙坎老火锅（绿地中心店）,11:00-00:00,028-64606768,四川省成都市锦江区芙蓉西路（卓锦城店）
676,小龙坎老火锅（双林店）,10:00-次日04:00,028-83282532,四川省成都市成华区双林北横路109号
677,小龙坎老火锅（水碾河店）,11:00-次日02:00,028-84420701,四川省成都市锦江区水碾河路24号
678,小龙坎老火锅（人民广场店）,10:00-21:30,0943-6130000,甘肃省白银市靖远县人民广场西侧元亨路国际城1#楼二层商11号
679,小龙坎老火锅（马鞍店）,11:00-次日02:00,028-83383420,四川省成都市金牛区马鞍北路27号
680,小龙坎老火锅（春熙店）,11:00-次日03:00,028-61999807,四川省成都市锦江区下东大街36号郁金香广场2楼
681,小龙坎老火锅（概念店）,24小时营业,028-61999499,四川省成都市锦江区下东大街188号时代华章2楼
682,小龙坎老火锅（纪念店）,11:00-次日02:00,028-61666658,四川省成都市武侯区科华北路54号附10号(川大西门)
683,小龙坎老火锅（员工店）,11:00-次日02:00,028-83321211,四川省成都市锦江区上东大街2号新中兴广场一楼
684,小龙坎老火锅（盐市口店）,11:00-次日00:30,028-66543999,四川省成都市锦江区大业路47号
685,小龙坎老火锅（八宝街新闻主题店）,10:30-次日02:00,028-61983108,四川省成都市青羊区青龙街51号倍特康派大厦1楼3号
686,小龙坎老火锅（交大店）,11:00-次日02:00,028-87666283,四川省成都市金牛区星汉路28号
687,小龙坎老火锅（仁和街店）,10：30-23：30,028-36650666,四川省眉山市仁寿县文林镇仁和街中段17-21号
688,小龙坎老火锅（华阳店）,10:00-次日02:00,028-64715112,四川省成都市双流县华阳广都上街151号、153号
689,小龙坎老火锅（高新店）,10:00-次日02:00,028-86629268,四川省成都市高新区华阳滨河路二段598~600号铺面
690,小龙坎老火锅（壹品新境店）,10：00-23：00,0451-51098686,黑龙江省哈尔滨市南岗区哈西新区壹品新境4号楼7号门市
691,小龙坎老火锅（银泰城店）,10：00-23：00,0451-84810640,黑龙江省哈尔滨市道里区群力第一大道、规划路、群力第二大道、丽江路围合区域街（号）银泰城一期裙房W094-W097
692,小龙坎老火锅（解放西路店）,11：00-22：00,0898--3216288,海南省海口市龙华区解放西路9号金棕榈文化商业广场三层D301
693,小龙坎老火锅（哈特店）,10：00-22：00,0451-86226932,黑龙江省哈尔滨市南岗区西大直街118号哈特商厦三楼
694,小龙坎老火锅（国贸店）,11：00-次日2：00,0898--32195888,海南省海口市国贸路嘉陵国际大厦二楼
695,小龙坎老火锅（森林公园店）,10:00-22:30,0776-2852333,广西省百色市右江区新兴路明泰大厦二层
696,小龙坎老火锅（会展店）,09：30-22：00,0451-51074581,黑龙江省哈尔滨市南岗区红旗大街240号艺汇家文化商业广场四层A区016-1号商铺
697,小龙坎老火锅（榆中兴隆山店）,10:30-23:00,0931-5236555,甘肃省兰州市榆中县环城西路亨威万象新城5号楼二层001-006号铺
698,小龙坎老火锅（东坡里店）,10：30-23：30,028-38202088,四川省眉山市东坡区老泉桥头东坡里商业水街项目一号楼第二层
699,小龙坎老火锅（裴城路店）,10：30-23：30,028-38220066,四川省眉山市东坡区裴城路109号
700,小龙坎老火锅（犍为店）,10：30-23：00,0822-4219777,四川省乐山市犍为区鹭岛国际社区
701,小龙坎老火锅（凉都明珠店）,11：00-次日02：00,0858-8168666,贵州省六盘水市钟山区凉都明珠项目9号楼9112-9116商铺
702,小龙坎老火锅（五洲广场店）,09:00-22:00,0932-5905999,甘肃省定西市临洮县五洲购物广场瑞新路店
703,小龙坎老火锅（恒山公园店）,11:00-22:00,0943-6680888,甘肃省白银市恒山公园忠恒接待中心
704,小龙坎老火锅（亚马逊店）,10：30-23：00,0833-2151886,四川省乐山市市中区龙游路亚马逊368号
705,小龙坎老火锅（红星店）,10:30-22:30,0931-8873111,甘肃省兰州市城关区红星国际广场玫瑰天街4栋3单元305,306号
706,小龙坎老火锅（雁滩店）,10:00-11:00,0931-8273866,甘肃省兰州市城关区雁滩
707,小龙坎老火锅（瑞德摩尔店）,11:00-22:30,0931-8659977,甘肃省兰州市城关区东岗东路1681号瑞德摩尔城市购物广场108号
708,小龙坎老火锅（卓尼柳林店）,10:00-23:00,0941-3833555,甘肃省甘南藏族自治州卓尼县前栊商贸城3楼3-9至3-11、3-14、3-15
709,小龙坎老火锅（白银店）,10:00-次日02:30,0934-8812345,兰州白银店
710,小龙坎老火锅（新区职教园店）,09:30-21:30,13359481115,甘肃省兰州是兰州新区职教园区商业配套项目7-101/7-102商铺
711,小龙坎老火锅（草场街店）,11:00-22:00,0931-8325303,甘肃省兰州市城关区盐场路“草场街新区”3号楼下商铺第三层
712,小龙坎老火锅（黄金时代店）,10：30-23：30,0833-6133366,四川省乐山市夹江县体育路200号黄金时代项目5号楼2层39、40、41、61、62号商铺
713,小龙坎老火锅（万辉店）,09:30-23:00,0931-2356699,甘肃省兰州市七里河区万辉商业街
714,小龙坎老火锅（兰州安宁店）,10:30-次日02:00,0931-7671698,甘肃兰州安宁区宝石花路居安小区南门
715,小龙坎老火锅（三和国际店）,,,甘肃省白银市景泰县三和国际购物中心5层
716,小龙坎老火锅（水晶广场店）,10：30-23：00,0833-5096520,四川省峨眉山市水晶广场宝马北街3号
717,小龙坎老火锅（西固城店）,09:30-次日02:00,0931-7221889,兰州西固区西固城（西固中街鸿安国际广场4号楼102）
718,小龙坎老火锅(时代帝景店),11：00-23：00,028-36599998,四川省眉山市洪雅县时代帝景3号楼41号、43号、45号、47号铺
719,小龙坎老火锅（大悦城店）,09：00-21：30,0459-6210888,黑龙江省大庆市萨尔图区新村大悦城15-1,15-2
720,小龙坎老火锅（忆江南店）,10:00-22:00,0930-8889777,甘肃省临夏市永靖县安厦忆江南小区1号楼2号商铺
721,小龙坎老火锅(地标广场店),11：00-22：00,18932089818,贵州省兴义市神奇东路11号地标广场4-13号商铺
722,小龙坎老火锅（庆胜店）,09:30-次日04:30,0930-6316866,甘肃省临夏市庆胜路陈方花园对面
723,小龙坎老火锅（海华店）,,,海南省儋州市白马井镇滨海新区海花岛八大饮食餐饮街
724,小龙坎老火锅（万达广场店）,11：00-23：30,0835-5899799,四川省雅安市雨城区雅州大道456号雅安万达广场4050
725,小龙坎老火锅（银杏店）,,,贵州省盘州市黔锦国际花园银杏广场一期商业一楼、二楼
726,小龙坎老火锅（小北街店）,11：00-23：00,0835-2222688,四川省雅安市雨城区小北街
727,小龙坎老火锅(国防广场店),11：00-23：00,0870--2356788,云南省昭通市昭阳区珠泉路，国防广场3号楼1层6,7号商铺
728,小龙坎老火锅（温州商业街店）,10:00-22:00,0941-6609777,甘肃省甘南藏族自治州合作市东二路温州商业街7号楼四层
729,小龙坎老火锅（天祝店）,10:00-22:00,0935-3172666,甘肃省武威市天祝县华干路天健广场
730,小龙坎老火锅（爱格店）,09：30-22：00,0452-8888181,黑龙江省齐齐哈尔市龙沙区卜奎大街爱格广场二层西北侧
731,小龙坎老火锅（红谷店）,10:00-22:30,0931-6237799,甘肃省兰州市红谷区海石湾镇
732,小龙坎老火锅（飞龙大厦店）,10:00-22:00,18787046484,云南省曲靖市麒麟区麒麟南路197号飞龙大厦二楼西北角
733,小龙坎老火锅（万乐城店）,11:00-00:00,0874-3310185,云南省曲靖市经济开发区学府路西侧，朝阳路南侧（曲靖万乐城一期）3号楼3-1-12至3-1-17二楼、3-1-18至3-1-19号商铺
734,小龙坎老火锅（堂琅店）,11：00-22：00,0870--7125699,云南省昭通市巧家县堂琅大道16号县委小区旁
735,小龙坎老火锅（热贡店）,09：30-23：30,0973-8310111,青海省黄南藏族自治州同仁县夏琼北路西侧黄南州农牧局兽医站临街38号商铺二楼
736,小龙坎老火锅（溜溜城店）,10：30-00：00,0836-2838788,四川省甘孜州康定东大街198号康定老街溜溜城综合楼内街2楼2号
737,小龙坎老火锅（天健店）,09:30-22:30,0935-6128333,甘肃省武威市凉州区中山健广场2号楼1层
738,小龙坎老火锅（川垣店）,09：30-21：30,0972-8523699,青海省海东市民和回族土族自治县东垣一路11号平兴锦苑沿街商铺二层
739,小龙坎老火锅（商品街一巷店）,11：00-次日5：00,0898--88212699,海南省三亚市吉阳区商品街一巷59号楼第二层
740,小龙坎老火锅（解放二路店）,11：00-次日2：00,0898--88295866,海南省三亚市解放二路77号汽车大厦南二楼（解放二路524号）
741,小龙坎老火锅（和平店）,09：00-22：00,0454-8699088,黑龙江省佳木斯市前进区和平街16、18号（怡安社区）
742,小龙坎老火锅（领地国际店）,10：30-00：00,0834-2222766,四川省西昌市航天大道五段299号领地凯旋国际公馆7号楼201
743,小龙坎老火锅（西昌店）  ,10.30-00.00,0834-2231777,四川省西昌市春城中路
744,小龙坎老火锅（石坡店）,09：00-23：30,0971-8080525,青海省西宁市城中区石坡街3号
745,小龙坎老火锅（力盟店）    ,10:30-21:30,0971-8066618,青海省西宁市城西区力盟商业街
746,小龙坎老火锅(炬隆店),11：00-次日2：00,0876-2187168,云南省文山市开化中路炬隆万商汇10栋2层4-14号商铺
747,小龙坎老火锅（海湖店）   ,09：30-00：00,0971-6364068,青海省西宁市海湖新区文景路
748,小龙坎老火锅（万城纪店）,10：00-00：00,0873-6226055,云南省红河哈尼族彝族自治州弥勒市冉翁路巨人万城纪24栋2楼24-2-1号
749,小龙坎老火锅（财富广场店）,10:00-22:00,0935-8820808,甘肃省金昌市金川区上海路汇金财富广场N（二）层163号
750,小龙坎老火锅（北大荒店）,10：00-21：00,0468-6760000,黑龙江省鹤岗市工农区8委5组胜利路
751,小龙坎老火锅（御山庭院店）,10:00-22:30,0935-7751111,甘肃省金昌市永昌县佛山庭院B区大门右手二楼
752,小龙坎老火锅（呈贡店）,11:00-00:00,0871-67483586,云南省昆明市呈贡新区彩云南路598号七彩云南第壹城166天阶F1-01，F2-01
753,小龙坎老火锅（金色年华店）,11:00-00:00,0871-63817027,云南省昆明市盘龙区北京路金色年华华厦
754,小龙坎老火锅（世纪城店）,11:00-00:00,0871-67397689,云南省昆明市官渡区金源大道1号世纪金源购物中心二区二层B2-058号
755,小龙坎老火锅（五华大厦店）,11:00-次日02:00,0871-63329886,云南省昆明市五华区东风西路19号五华大厦二楼（原云南省昆明市五华区同仁街41号）
756,小龙坎老火锅（南亚风情店）,11:00-次日02:00,0871-63310970,云南省昆明市西山区滇池路569号南亚风情第壹城C4-22号商铺
757,小龙坎老火锅（新天地店）,10：00-次日04:00,0873-3851188,云南省红河州蒙自市新天地商业步行街影视城一层102、102-1、102-2商业铺面
758,小龙坎老火锅（金色时代店）,11:00-次日02:00,0871-68696866,云南省昆明市安宁金色时代S6幢（601-603铺面二楼）
759,小龙坎老火锅（嘉誉广场店）,11:00-23:00,0781-67898533,云南省昆明市晋宁区昆阳大街嘉誉商业广场2F2-A04、05、06、07、09
760,小龙坎老火锅（元年景苑店）,10:00-22:30,13980028212,青海省海南州共和县贵南东路9号元年景苑5号楼2层商铺
761,小龙坎老火锅（供销大厦店）, 9：30-23：00,0873-2199418,云南省红河哈尼族彝族自治州个旧市供销大厦二楼
762,小龙坎老火锅（抚仙路店）, 9：30-21：30,0877-6566888,云南省玉溪市红塔区抚仙路14号恺恒综合楼
763,小龙坎老火锅（小桂湖店）,10：00-22：00,13887796006,云南省红河哈尼族彝族自治州建水县临安镇小桂湖商业街A-1-3-7至A-1-3-10号铺面
764,小龙坎老火锅（西山店）,11：00-00：00, 0878-3111773,云南省楚雄市老城区环城西路384号熙和名筑小区1幢一层部分商铺
765,小龙坎老火锅（张掖万寿店）,10:00-00:00,0936-8756666,甘肃省张掖市甘州区南大街万寿商业街一号楼1-F2
766,小龙坎老火锅（张掖店）,09:00-次日03:00,0936-8655555,甘肃省张掖市甘州区滨河新区颐景嘉园3号楼201门店
767,小龙坎老火锅（大水车店）,11：00-次日2：00,0888--5111101,云南省丽江市古城区新华街双石段28号
768,小龙坎老火锅（阳塘路店）,11：00-22：00,0887--8819168,云南省迪庆藏族自治州香格里拉市红旗延长线阳塘路64号
769,小龙坎老火锅（大关邑店）,9：00-22：30,0872-2313266,云南省大理市下关镇大关邑村希望路大关邑商业街W6栋09、10号铺
770,小龙坎老火锅(下关泰安路店),9：00-22：30,0872-213566,云南省大理市下关镇泰安路8号万德福超市北泰业广场停车场出口对面
771,小龙坎老火锅（阳光新城店）, 9：00-次日2：00,18808791777,云南省普洱市思茅区茶城大道46号阳光新城阳光新天地西侧78栋大地影院一层
772,小龙坎老火锅（凯歌店）,,,云南省临沧市临翔区沧江路128号凯歌时代广场二楼
773,小龙坎老火锅（御景花园店）,10:00-22:00,0937-2859777,甘肃省酒泉市肃州区御景花园七号楼一层西北角
774,小龙坎老火锅（五洲国际广场店）,11：00-次日4：00,0875--2206777,云南省保山市隆阳区学府路与正阳北路交叉口保山五洲国际广场6楼319-321/301-302/303部分、3-312-317/322部分、323部分单元
775,小龙坎老火锅（泼水广场店）, 9：00-次日2：00,0691-2516888,云南省西双版纳傣族自治州景洪市勐海路泼水广场国际公馆4栋2-102
776,小龙坎老火锅（新华店）,10:30-23:00,0937-6222555,甘肃省嘉峪关市兰新街新华中路
777,小龙坎老火锅（财富中心店）,11：00-22：00,0875--5197828,云南省保山市腾冲市永兴财富中心项目第A栋A-2016至2018号商铺
778,小龙坎老火锅（百斯特店）,11;00-22；00,0692--2926088,云南省德宏傣族景颇族自治州芒市斑色路4号老楼2楼
779,小龙坎老火锅(泛亚国际店),11：00-次日5：30,0692--4996868,云南省瑞丽市瑞江路93号泛亚国际商贸城1栋2层二楼
780,小龙坎老火锅（江源南路店）,10：00-次日05:00,0979-8455662,青海省格尔木市江源南路10号
781,小龙坎老火锅(幸福小区店),10:00-23:00,0894-5876333,西藏自治区林芝市巴宜区工布民俗街幸福小区A1区12栋
782,小龙坎老火锅（汉唐店）,09:30-23:00,0937-8600068,甘肃省酒泉市敦煌市汉唐文化街118号门店
783,小龙坎老火锅（紫云苑店）,,,新疆维吾尔自治区哈密市伊州区前进大道紫云苑小区1928号院
784,小龙坎老火锅（羌塘店）,,,西藏自治区那曲市色尼区辽宁南路羌塘大厦三楼酒店餐厅2号铺面
785,小龙坎老火锅（山南店）,10:30-00:00,0893-7821886,西藏省山南市香曲西路
786,小龙坎老火锅（藏游坛城店）,11:00-00:00,0891-6509866,西藏省拉萨市城关区拉萨藏游坛城第G1座2层第01-17号
787,小龙坎老火锅（乐百隆广场店）,11:00-22:30,0891-6525590,西藏拉萨市城关区天海路4号乐百隆广场三楼店铺
788,小龙坎老火锅(后藏庄园店),11:00-00:00,0892-8930999,西藏市日喀则市青岛路20号
789,小龙坎老火锅（建设路店）,11:00-23:30,0991-5201234,新疆省乌鲁木齐市天山区建设路8号成基大厦二层
790,小龙坎老火锅（华凌店）,11:00-23:30,0991-2309777,新疆省乌鲁木齐市水磨沟区西虹东路286号
791,小龙坎老火锅（明园店）,11:00-00:30,0991-3512222,新疆乌鲁木齐市明园西路4号
792,小龙坎老火锅（广汇店）,11:00-23:30,0991-3385595,新疆维吾尔自治区乌鲁木齐市米东区广兴西街1792号香缇美地商业第S6号第四层商铺1号至商铺7号
793,小龙坎老火锅（新世界店）,11:00-00:00,0991-6601234,新疆省乌鲁木齐市新市区长春中路818号新世界广场2层
794,小龙坎老火锅（天领店）,11:00-00:00,0991-5501234,新疆省乌鲁木齐市新市区太原南路366号天领国际
795,小龙坎老火锅（天润店）,11:00-00:00,0991-3736000,新疆省乌鲁木齐新市区北京北路新天润罗马天街三号楼104号
796,小龙坎老火锅（长宁南路店）,11:00-23:30,0994-2521588,新疆省昌吉市长宁南路70号公务员小区1-3、5、6、7门面房
797,小龙坎老火锅（光明路店）,11:00-00:00,0996-2098889,新疆省库尔勒光明路欢乐海岸门面房
798,小龙坎老火锅（北环路店）,,,新疆维吾尔自治区石河子市北环路143号一层
799,小龙坎老火锅（奎屯店）,11:00-次日02:00,0992-6680999,新疆省奎屯市乌鲁木齐路1号
800,小龙坎老火锅（克拉玛依店）,12:00-23:30,0990-6668777,新疆克拉玛依克拉玛依区幸福路丁一号中央广场
801,小龙坎老火锅（库车店）,11:00-23:00,0997-7776788,新疆省库车区金福大厦1-2门面
802,小龙坎老火锅（万容广场店）,11:00-00:00,0990-8805888,新疆省伊宁市经济合作区上海路2699号万容广场销售中心
803,小龙坎老火锅（清枫苑店）,11:00-23:30,0999-8332888,新疆维吾尔自治区伊宁市开发区北京路与河北路十字路口处
804,小龙坎老火锅（阿克苏店）,11:00-00:30,0997-2695678,新疆阿克苏英阿凡提路9号海富花园二楼
805,小龙坎老火锅（艾德莱斯店）,（筹备中）,,新疆省和田市洛浦县艾德莱斯民族广场贰层2-162
806,小龙坎老火锅（喀什店）,11:00-00:00,0998-2310888,新疆维吾尔自治区喀什唐城步行街3段4幢
807,小龙坎老火锅（莎车店）,11:00-00:30,13629980783,新疆省喀什市莎车区团结路武装部旁边浙商大酒店一楼
